55,00,001,0.005,0.005,0.005,0.005,19940101,99991231
55,00,003,0.005,0.005,0.005,0.005,19880401,99991231
55,00,005,0.005,0.005,0.005,0.005,19860401,99991231
55,00,007,0.005,0.005,0.005,0.005,19910401,99991231
55,00,009,0.0,0.0,0.0,0.0,19800101,20171231
55,00,009,0.005,0.005,0.005,0.005,20180101,99991231
55,00,011,0.005,0.005,0.005,0.005,19870401,99991231
55,00,013,0.005,0.005,0.005,0.005,19890401,99991231
55,00,015,0.0,0.0,0.0,0.0,19800101,20180331
55,00,015,0.005,0.005,0.005,0.005,20180401,99991231
55,00,017,0.005,0.005,0.005,0.005,19910401,99991231
55,00,019,0.0,0.0,0.0,0.0,19800101,20081231
55,00,019,0.005,0.005,0.005,0.005,20090101,99991231
55,00,021,0.005,0.005,0.005,0.005,19890401,99991231
55,00,023,0.005,0.005,0.005,0.005,19910401,99991231
55,00,025,0.005,0.005,0.005,0.005,19910401,99991231
55,00,027,0.005,0.005,0.005,0.005,19940401,99991231
55,00,029,0.005,0.005,0.005,0.005,19880401,99991231
55,00,031,0.005,0.005,0.005,0.005,19910401,99991231
55,00,033,0.005,0.005,0.005,0.005,19860401,99991231
55,00,035,0.005,0.005,0.005,0.005,19990101,99991231
55,00,037,0.0,0.0,0.0,0.0,19800101,20060630
55,00,037,0.005,0.005,0.005,0.005,20060701,99991231
55,00,039,0.0,0.0,0.0,0.0,19800101,20100331
55,00,039,0.005,0.005,0.005,0.005,20100401,99991231
55,00,041,0.005,0.005,0.005,0.005,19950401,99991231
55,00,043,0.005,0.005,0.005,0.005,20020401,99991231
55,00,045,0.005,0.005,0.005,0.005,20030101,99991231
55,00,047,0.005,0.005,0.005,0.005,19990701,99991231
55,00,049,0.005,0.005,0.005,0.005,19870401,99991231
55,00,051,0.005,0.005,0.005,0.005,19910401,99991231
55,00,053,0.005,0.005,0.005,0.005,19870401,99991231
55,00,055,0.005,0.005,0.005,0.005,19910401,99991231
55,00,057,0.005,0.005,0.005,0.005,19920401,99991231
55,00,059,0.005,0.005,0.005,0.005,19910401,99991231
55,00,061,0.0,0.0,0.0,0.0,19800101,20170331
55,00,061,0.005,0.005,0.005,0.005,20170401,99991231
55,00,063,0.005,0.005,0.005,0.005,19900401,99991231
55,00,065,0.005,0.005,0.005,0.005,20010401,99991231
55,00,067,0.005,0.005,0.005,0.005,19880401,99991231
55,00,069,0.005,0.005,0.005,0.005,19870401,99991231
55,00,071,0.0,0.0,0.0,0.0,19800101,20241231
55,00,071,0.005,0.005,0.005,0.005,20250101,99991231
55,00,073,0.005,0.005,0.005,0.005,19870401,99991231
55,00,075,0.005,0.005,0.005,0.005,20011001,99991231
55,00,077,0.005,0.005,0.005,0.005,19890401,99991231
55,00,078,0.0,0.0,0.0,0.0,19800101,20200331
55,00,078,0.005,0.005,0.005,0.005,20200331,99991231
55,00,079,0.005,0.005,0.005,0.005,19910401,20231231
55,00,079,0.009,0.009,0.009,0.009,20240101,99991231
55,00,081,0.005,0.005,0.005,0.005,19900401,99991231
55,00,083,0.005,0.005,0.005,0.005,19940701,99991231
55,00,085,0.005,0.005,0.005,0.005,19870401,99991231
55,00,087,0.0,0.0,0.0,0.0,19800101,20191231
55,00,087,0.005,0.005,0.005,0.005,20200101,99991231
55,00,089,0.005,0.005,0.005,0.005,19910401,99991231
55,00,091,0.005,0.005,0.005,0.005,19910401,99991231
55,00,093,0.005,0.005,0.005,0.005,19880401,99991231
55,00,095,0.005,0.005,0.005,0.005,19880401,99991231
55,00,097,0.005,0.005,0.005,0.005,19890401,99991231
55,00,099,0.005,0.005,0.005,0.005,19930101,99991231
55,00,101,0.0,0.0,0.0,0.0,19800101,20250331
55,00,101,0.005,0.005,0.005,0.005,20250401,99991231
55,00,103,0.005,0.005,0.005,0.005,19890401,99991231
55,00,105,0.0,0.0,0.0,0.0,19800101,20070331
55,00,105,0.005,0.005,0.005,0.005,20070401,99991231
55,00,107,0.005,0.005,0.005,0.005,19870401,99991231
55,00,109,0.005,0.005,0.005,0.005,19870401,99991231
55,00,111,0.005,0.005,0.005,0.005,19920401,99991231
55,00,113,0.005,0.005,0.005,0.005,19870401,99991231
55,00,115,0.005,0.005,0.005,0.005,19900401,99991231
55,00,117,0.0,0.0,0.0,0.0,19800101,20161231
55,00,117,0.005,0.005,0.005,0.005,20170101,99991231
55,00,119,0.005,0.005,0.005,0.005,19990701,99991231
55,00,121,0.005,0.005,0.005,0.005,19951001,99991231
55,00,123,0.005,0.005,0.005,0.005,19970101,99991231
55,00,125,0.005,0.005,0.005,0.005,19880401,99991231
55,00,127,0.005,0.005,0.005,0.005,19870401,99991231
55,00,129,0.005,0.005,0.005,0.005,19910401,99991231
55,00,131,0.005,0.005,0.005,0.005,19990101,99991231
55,00,133,0.0,0.0,0.0,0.0,19800101,99991231
55,00,135,0.005,0.005,0.005,0.005,19890401,99991231
55,00,137,0.005,0.005,0.005,0.005,19900401,99991231
55,00,139,0.0,0.0,0.0,0.0,19800101,99991231
55,00,141,0.005,0.005,0.005,0.005,20040101,99991231
55,01,00100,0.0,0.0,0.0,0.0,20230918,99991231
55,01,00175,0.0,0.0,0.0,0.0,20230918,99991231
55,01,00225,0.0,0.0,0.0,0.0,20230918,99991231
55,01,00275,0.0,0.0,0.0,0.0,20230918,99991231
55,01,00300,0.0,0.0,0.0,0.0,20230918,99991231
55,01,00325,0.0,0.0,0.0,0.0,20230918,99991231
55,01,00350,0.0,0.0,0.0,0.0,20230918,99991231
55,01,00425,0.0,0.0,0.0,0.0,20230918,99991231
55,01,00450,0.0,0.0,0.0,0.0,20230918,99991231
55,01,00475,0.0,0.0,0.0,0.0,20230918,99991231
55,01,00550,0.0,0.0,0.0,0.0,20230918,99991231
55,01,00600,0.0,0.0,0.0,0.0,20230918,99991231
55,01,00625,0.0,0.0,0.0,0.0,20230918,99991231
55,01,00675,0.0,0.0,0.0,0.0,20230918,99991231
55,01,00725,0.0,0.0,0.0,0.0,20230918,99991231
55,01,00750,0.0,0.0,0.0,0.0,20230918,99991231
55,01,00775,0.0,0.0,0.0,0.0,20230918,99991231
55,01,00800,0.0,0.0,0.0,0.0,20230918,99991231
55,01,00875,0.0,0.0,0.0,0.0,20230918,99991231
55,01,00900,0.0,0.0,0.0,0.0,20230918,99991231
55,01,00925,0.0,0.0,0.0,0.0,20230918,99991231
55,01,00950,0.0,0.0,0.0,0.0,20230918,99991231
55,01,01000,0.0,0.0,0.0,0.0,20230918,99991231
55,01,01025,0.0,0.0,0.0,0.0,20230918,99991231
55,01,01150,0.0,0.0,0.0,0.0,20230918,99991231
55,01,01225,0.0,0.0,0.0,0.0,20230918,99991231
55,01,01250,0.0,0.0,0.0,0.0,20230918,99991231
55,01,01275,0.0,0.0,0.0,0.0,20230918,99991231
55,01,01300,0.0,0.0,0.0,0.0,20230918,99991231
55,01,01325,0.0,0.0,0.0,0.0,20230918,99991231
55,01,01350,0.0,0.0,0.0,0.0,20230918,99991231
55,01,01375,0.0,0.0,0.0,0.0,20230918,99991231
55,01,01400,0.0,0.0,0.0,0.0,20230918,99991231
55,01,01425,0.0,0.0,0.0,0.0,20230918,99991231
55,01,01525,0.0,0.0,0.0,0.0,20230918,99991231
55,01,01550,0.0,0.0,0.0,0.0,20230918,99991231
55,01,01625,0.0,0.0,0.0,0.0,20230918,99991231
55,01,01675,0.0,0.0,0.0,0.0,20230918,99991231
55,01,01725,0.0,0.0,0.0,0.0,20230918,99991231
55,01,01750,0.0,0.0,0.0,0.0,20230918,99991231
55,01,01775,0.0,0.0,0.0,0.0,20230918,99991231
55,01,01800,0.0,0.0,0.0,0.0,20230918,99991231
55,01,01825,0.0,0.0,0.0,0.0,20230918,99991231
55,01,01900,0.0,0.0,0.0,0.0,20230918,99991231
55,01,01925,0.0,0.0,0.0,0.0,20230918,99991231
55,01,01975,0.0,0.0,0.0,0.0,20230918,99991231
55,01,02025,0.0,0.0,0.0,0.0,20230918,99991231
55,01,02075,0.0,0.0,0.0,0.0,20230918,99991231
55,01,02100,0.0,0.0,0.0,0.0,20230918,99991231
55,01,02175,0.0,0.0,0.0,0.0,20230918,99991231
55,01,02250,0.0,0.0,0.0,0.0,20230918,99991231
55,01,02275,0.0,0.0,0.0,0.0,20230918,99991231
55,01,02350,0.0,0.0,0.0,0.0,20230918,99991231
55,01,02375,0.0,0.0,0.0,0.0,20230918,99991231
55,01,02450,0.0,0.0,0.0,0.0,20230918,99991231
55,01,02500,0.0,0.0,0.0,0.0,20230918,99991231
55,01,02525,0.0,0.0,0.0,0.0,20230918,99991231
55,01,02550,0.0,0.0,0.0,0.0,20230918,99991231
55,01,02575,0.0,0.0,0.0,0.0,20230918,99991231
55,01,02625,0.0,0.0,0.0,0.0,20230918,99991231
55,01,02650,0.0,0.0,0.0,0.0,20230918,99991231
55,01,02675,0.0,0.0,0.0,0.0,20230918,99991231
55,01,02775,0.0,0.0,0.0,0.0,20230918,99991231
55,01,02800,0.0,0.0,0.0,0.0,20230918,99991231
55,01,02825,0.0,0.0,0.0,0.0,20230918,99991231
55,01,02850,0.0,0.0,0.0,0.0,20230918,99991231
55,01,02950,0.0,0.0,0.0,0.0,20230918,99991231
55,01,03025,0.0,0.0,0.0,0.0,20230918,99991231
55,01,03050,0.0,0.0,0.0,0.0,20230918,99991231
55,01,03075,0.0,0.0,0.0,0.0,20230918,99991231
55,01,03150,0.0,0.0,0.0,0.0,20230918,99991231
55,01,03200,0.0,0.0,0.0,0.0,20230918,99991231
55,01,03225,0.0,0.0,0.0,0.0,20230918,99991231
55,01,03250,0.0,0.0,0.0,0.0,20230918,99991231
55,01,03425,0.0,0.0,0.0,0.0,20230918,99991231
55,01,03525,0.0,0.0,0.0,0.0,20230918,99991231
55,01,03550,0.0,0.0,0.0,0.0,20230918,99991231
55,01,03600,0.0,0.0,0.0,0.0,20230918,99991231
55,01,03725,0.0,0.0,0.0,0.0,20230918,99991231
55,01,03750,0.0,0.0,0.0,0.0,20230918,99991231
55,01,03775,0.0,0.0,0.0,0.0,20230918,99991231
55,01,03800,0.0,0.0,0.0,0.0,20230918,99991231
55,01,03825,0.0,0.0,0.0,0.0,20230918,99991231
55,01,03875,0.0,0.0,0.0,0.0,20230918,99991231
55,01,03900,0.0,0.0,0.0,0.0,20230918,99991231
55,01,03925,0.0,0.0,0.0,0.0,20230918,99991231
55,01,04025,0.0,0.0,0.0,0.0,20230918,99991231
55,01,04100,0.0,0.0,0.0,0.0,20230918,99991231
55,01,04125,0.0,0.0,0.0,0.0,20230918,99991231
55,01,04250,0.0,0.0,0.0,0.0,20230918,99991231
55,01,04275,0.0,0.0,0.0,0.0,20230918,99991231
55,01,04325,0.0,0.0,0.0,0.0,20230918,99991231
55,01,04400,0.0,0.0,0.0,0.0,20230918,99991231
55,01,04425,0.0,0.0,0.0,0.0,20230918,99991231
55,01,04475,0.0,0.0,0.0,0.0,20230918,99991231
55,01,04500,0.0,0.0,0.0,0.0,20230918,99991231
55,01,04550,0.0,0.0,0.0,0.0,20230918,99991231
55,01,04575,0.0,0.0,0.0,0.0,20230918,99991231
55,01,04625,0.0,0.0,0.0,0.0,20230918,99991231
55,01,04650,0.0,0.0,0.0,0.0,20230918,99991231
55,01,04725,0.0,0.0,0.0,0.0,20230918,99991231
55,01,04750,0.0,0.0,0.0,0.0,20230918,99991231
55,01,04775,0.0,0.0,0.0,0.0,20230918,99991231
55,01,04825,0.0,0.0,0.0,0.0,20230918,99991231
55,01,04875,0.0,0.0,0.0,0.0,20230918,99991231
55,01,04900,0.0,0.0,0.0,0.0,20230918,99991231
55,01,04950,0.0,0.0,0.0,0.0,20230918,99991231
55,01,05000,0.0,0.0,0.0,0.0,20230918,99991231
55,01,05050,0.0,0.0,0.0,0.0,20230918,99991231
55,01,05125,0.0,0.0,0.0,0.0,20230918,99991231
55,01,05200,0.0,0.0,0.0,0.0,20230918,99991231
55,01,05225,0.0,0.0,0.0,0.0,20230918,99991231
55,01,05325,0.0,0.0,0.0,0.0,20230918,99991231
55,01,05350,0.0,0.0,0.0,0.0,20230918,99991231
55,01,05375,0.0,0.0,0.0,0.0,20230918,99991231
55,01,05450,0.0,0.0,0.0,0.0,20230918,99991231
55,01,05475,0.0,0.0,0.0,0.0,20230918,99991231
55,01,05550,0.0,0.0,0.0,0.0,20230918,99991231
55,01,05575,0.0,0.0,0.0,0.0,20230918,99991231
55,01,05600,0.0,0.0,0.0,0.0,20230918,99991231
55,01,05625,0.0,0.0,0.0,0.0,20230918,99991231
55,01,05650,0.0,0.0,0.0,0.0,20230918,99991231
55,01,05750,0.0,0.0,0.0,0.0,20230918,99991231
55,01,05800,0.0,0.0,0.0,0.0,20230918,99991231
55,01,05825,0.0,0.0,0.0,0.0,20230918,99991231
55,01,05875,0.0,0.0,0.0,0.0,20230918,99991231
55,01,05900,0.0,0.0,0.0,0.0,20230918,99991231
55,01,05925,0.0,0.0,0.0,0.0,20230918,99991231
55,01,06000,0.0,0.0,0.0,0.0,20230918,99991231
55,01,06100,0.0,0.0,0.0,0.0,20230918,99991231
55,01,06150,0.0,0.0,0.0,0.0,20230918,99991231
55,01,06175,0.0,0.0,0.0,0.0,20230918,99991231
55,01,06200,0.0,0.0,0.0,0.0,20230918,99991231
55,01,06225,0.0,0.0,0.0,0.0,20230918,99991231
55,01,06275,0.0,0.0,0.0,0.0,20230918,99991231
55,01,06300,0.0,0.0,0.0,0.0,20230918,99991231
55,01,06350,0.0,0.0,0.0,0.0,20230918,99991231
55,01,06425,0.0,0.0,0.0,0.0,20230918,99991231
55,01,06450,0.0,0.0,0.0,0.0,20230918,99991231
55,01,06475,0.0,0.0,0.0,0.0,20230918,99991231
55,01,06500,0.0,0.0,0.0,0.0,20230918,99991231
55,01,06525,0.0,0.0,0.0,0.0,20230918,99991231
55,01,06675,0.0,0.0,0.0,0.0,20230918,99991231
55,01,06775,0.0,0.0,0.0,0.0,20230918,99991231
55,01,06825,0.0,0.0,0.0,0.0,20230918,99991231
55,01,06850,0.0,0.0,0.0,0.0,20230918,99991231
55,01,06875,0.0,0.0,0.0,0.0,20230918,99991231
55,01,06900,0.0,0.0,0.0,0.0,20230918,99991231
55,01,06925,0.0,0.0,0.0,0.0,20230918,99991231
55,01,06950,0.0,0.0,0.0,0.0,20230918,99991231
55,01,06975,0.0,0.0,0.0,0.0,20230918,99991231
55,01,07000,0.0,0.0,0.0,0.0,20230918,99991231
55,01,07025,0.0,0.0,0.0,0.0,20230918,99991231
55,01,07125,0.0,0.0,0.0,0.0,20230918,99991231
55,01,07175,0.0,0.0,0.0,0.0,20230918,99991231
55,01,07200,0.0,0.0,0.0,0.0,20230918,99991231
55,01,07225,0.0,0.0,0.0,0.0,20230918,99991231
55,01,07250,0.0,0.0,0.0,0.0,20230918,99991231
55,01,07300,0.0,0.0,0.0,0.0,20230918,99991231
55,01,07500,0.0,0.0,0.0,0.0,20230918,99991231
55,01,07525,0.0,0.0,0.0,0.0,20230918,99991231
55,01,07550,0.0,0.0,0.0,0.0,20230918,99991231
55,01,07575,0.0,0.0,0.0,0.0,20230918,99991231
55,01,07600,0.0,0.0,0.0,0.0,20230918,99991231
55,01,07625,0.0,0.0,0.0,0.0,20230918,99991231
55,01,07650,0.0,0.0,0.0,0.0,20230918,99991231
55,01,07700,0.0,0.0,0.0,0.0,20230918,99991231
55,01,07725,0.0,0.0,0.0,0.0,20230918,99991231
55,01,07750,0.0,0.0,0.0,0.0,20230918,99991231
55,01,07800,0.0,0.0,0.0,0.0,20230918,99991231
55,01,07825,0.0,0.0,0.0,0.0,20230918,99991231
55,01,07900,0.0,0.0,0.0,0.0,20230918,99991231
55,01,07950,0.0,0.0,0.0,0.0,20230918,99991231
55,01,08000,0.0,0.0,0.0,0.0,20230918,99991231
55,01,08025,0.0,0.0,0.0,0.0,20230918,99991231
55,01,08075,0.0,0.0,0.0,0.0,20230918,99991231
55,01,08100,0.0,0.0,0.0,0.0,20230918,99991231
55,01,08125,0.0,0.0,0.0,0.0,20230918,99991231
55,01,08175,0.0,0.0,0.0,0.0,20230918,99991231
55,01,08225,0.0,0.0,0.0,0.0,20230918,99991231
55,01,08250,0.0,0.0,0.0,0.0,20230918,99991231
55,01,08265,0.0,0.0,0.0,0.0,20230918,99991231
55,01,08275,0.0,0.0,0.0,0.0,20230918,99991231
55,01,08300,0.0,0.0,0.0,0.0,20230918,99991231
55,01,08350,0.0,0.0,0.0,0.0,20230918,99991231
55,01,08375,0.0,0.0,0.0,0.0,20230918,99991231
55,01,08400,0.0,0.0,0.0,0.0,20230918,99991231
55,01,08475,0.0,0.0,0.0,0.0,20230918,99991231
55,01,08500,0.0,0.0,0.0,0.0,20230918,99991231
55,01,08525,0.0,0.0,0.0,0.0,20230918,99991231
55,01,08600,0.0,0.0,0.0,0.0,20230918,99991231
55,01,08725,0.0,0.0,0.0,0.0,20230918,99991231
55,01,08750,0.0,0.0,0.0,0.0,20230918,99991231
55,01,08850,0.0,0.0,0.0,0.0,20230918,99991231
55,01,08875,0.0,0.0,0.0,0.0,20230918,99991231
55,01,08950,0.0,0.0,0.0,0.0,20230918,99991231
55,01,08975,0.0,0.0,0.0,0.0,20230918,99991231
55,01,09025,0.0,0.0,0.0,0.0,20230918,99991231
55,01,09050,0.0,0.0,0.0,0.0,20230918,99991231
55,01,09075,0.0,0.0,0.0,0.0,20230918,99991231
55,01,09175,0.0,0.0,0.0,0.0,20230918,99991231
55,01,09225,0.0,0.0,0.0,0.0,20230918,99991231
55,01,09300,0.0,0.0,0.0,0.0,20230918,99991231
55,01,09375,0.0,0.0,0.0,0.0,20230918,99991231
55,01,09425,0.0,0.0,0.0,0.0,20230918,99991231
55,01,09500,0.0,0.0,0.0,0.0,20230918,99991231
55,01,09550,0.0,0.0,0.0,0.0,20230918,99991231
55,01,09600,0.0,0.0,0.0,0.0,20230918,99991231
55,01,09635,0.0,0.0,0.0,0.0,20230918,99991231
55,01,09650,0.0,0.0,0.0,0.0,20230918,99991231
55,01,09725,0.0,0.0,0.0,0.0,20230918,99991231
55,01,09750,0.0,0.0,0.0,0.0,20230918,99991231
55,01,09775,0.0,0.0,0.0,0.0,20230918,99991231
55,01,09800,0.0,0.0,0.0,0.0,20230918,99991231
55,01,09900,0.0,0.0,0.0,0.0,20230918,99991231
55,01,09925,0.0,0.0,0.0,0.0,20230918,99991231
55,01,10025,0.0,0.0,0.0,0.0,20230918,99991231
55,01,10050,0.0,0.0,0.0,0.0,20230918,99991231
55,01,10075,0.0,0.0,0.0,0.0,20230918,99991231
55,01,10100,0.0,0.0,0.0,0.0,20230918,99991231
55,01,10125,0.0,0.0,0.0,0.0,20230918,99991231
55,01,10150,0.0,0.0,0.0,0.0,20230918,99991231
55,01,10350,0.0,0.0,0.0,0.0,20230918,99991231
55,01,10375,0.0,0.0,0.0,0.0,20230918,99991231
55,01,10400,0.0,0.0,0.0,0.0,20230918,99991231
55,01,10450,0.0,0.0,0.0,0.0,20230918,99991231
55,01,10475,0.0,0.0,0.0,0.0,20230918,99991231
55,01,10500,0.0,0.0,0.0,0.0,20230918,99991231
55,01,10575,0.0,0.0,0.0,0.0,20230918,99991231
55,01,10625,0.0,0.0,0.0,0.0,20230918,99991231
55,01,10700,0.0,0.0,0.0,0.0,20230918,99991231
55,01,10750,0.0,0.0,0.0,0.0,20230918,99991231
55,01,10925,0.0,0.0,0.0,0.0,20230918,99991231
55,01,10950,0.0,0.0,0.0,0.0,20230918,99991231
55,01,11025,0.0,0.0,0.0,0.0,20230918,99991231
55,01,11050,0.0,0.0,0.0,0.0,20230918,99991231
55,01,11062,0.0,0.0,0.0,0.0,20230918,99991231
55,01,11150,0.0,0.0,0.0,0.0,20230918,99991231
55,01,11200,0.0,0.0,0.0,0.0,20230918,99991231
55,01,11225,0.0,0.0,0.0,0.0,20230918,99991231
55,01,11275,0.0,0.0,0.0,0.0,20230918,99991231
55,01,11300,0.0,0.0,0.0,0.0,20230918,99991231
55,01,11325,0.0,0.0,0.0,0.0,20230918,99991231
55,01,11425,0.0,0.0,0.0,0.0,20230918,99991231
55,01,11475,0.0,0.0,0.0,0.0,20230918,99991231
55,01,11525,0.0,0.0,0.0,0.0,20230918,99991231
55,01,11600,0.0,0.0,0.0,0.0,20230918,99991231
55,01,11625,0.0,0.0,0.0,0.0,20230918,99991231
55,01,11675,0.0,0.0,0.0,0.0,20230918,99991231
55,01,11725,0.0,0.0,0.0,0.0,20230918,99991231
55,01,11750,0.0,0.0,0.0,0.0,20230918,99991231
55,01,11775,0.0,0.0,0.0,0.0,20230918,99991231
55,01,11850,0.0,0.0,0.0,0.0,20230918,99991231
55,01,11900,0.0,0.0,0.0,0.0,20230918,99991231
55,01,11950,0.0,0.0,0.0,0.0,20230918,99991231
55,01,11975,0.0,0.0,0.0,0.0,20230918,99991231
55,01,12000,0.0,0.0,0.0,0.0,20230918,99991231
55,01,12075,0.0,0.0,0.0,0.0,20230918,99991231
55,01,12200,0.0,0.0,0.0,0.0,20230918,99991231
55,01,12225,0.0,0.0,0.0,0.0,20230918,99991231
55,01,12250,0.0,0.0,0.0,0.0,20230918,99991231
55,01,12275,0.0,0.0,0.0,0.0,20230918,99991231
55,01,12300,0.0,0.0,0.0,0.0,20230918,99991231
55,01,12325,0.0,0.0,0.0,0.0,20230918,99991231
55,01,12350,0.0,0.0,0.0,0.0,20230918,99991231
55,01,12500,0.0,0.0,0.0,0.0,20230918,99991231
55,01,12525,0.0,0.0,0.0,0.0,20230918,99991231
55,01,12575,0.0,0.0,0.0,0.0,20230918,99991231
55,01,12725,0.0,0.0,0.0,0.0,20230918,99991231
55,01,12775,0.0,0.0,0.0,0.0,20230918,99991231
55,01,12825,0.0,0.0,0.0,0.0,20230918,99991231
55,01,12850,0.0,0.0,0.0,0.0,20230918,99991231
55,01,12875,0.0,0.0,0.0,0.0,20230918,99991231
55,01,12925,0.0,0.0,0.0,0.0,20230918,99991231
55,01,12950,0.0,0.0,0.0,0.0,20230918,99991231
55,01,12975,0.0,0.0,0.0,0.0,20230918,99991231
55,01,13025,0.0,0.0,0.0,0.0,20230918,99991231
55,01,13050,0.0,0.0,0.0,0.0,20230918,99991231
55,01,13075,0.0,0.0,0.0,0.0,20230918,99991231
55,01,13100,0.0,0.0,0.0,0.0,20230918,99991231
55,01,13125,0.0,0.0,0.0,0.0,20230918,99991231
55,01,13175,0.0,0.0,0.0,0.0,20230918,99991231
55,01,13200,0.0,0.0,0.0,0.0,20230918,99991231
55,01,13237,0.0,0.0,0.0,0.0,20230918,99991231
55,01,13300,0.0,0.0,0.0,0.0,20230918,99991231
55,01,13325,0.0,0.0,0.0,0.0,20230918,99991231
55,01,13375,0.0,0.0,0.0,0.0,20230918,99991231
55,01,13400,0.0,0.0,0.0,0.0,20230918,99991231
55,01,13475,0.0,0.0,0.0,0.0,20230918,99991231
55,01,13500,0.0,0.0,0.0,0.0,20230918,99991231
55,01,13550,0.0,0.0,0.0,0.0,20230918,99991231
55,01,13600,0.0,0.0,0.0,0.0,20230918,99991231
55,01,13625,0.0,0.0,0.0,0.0,20230918,99991231
55,01,13750,0.0,0.0,0.0,0.0,20230918,99991231
55,01,13850,0.0,0.0,0.0,0.0,20230918,99991231
55,01,14000,0.0,0.0,0.0,0.0,20230918,99991231
55,01,14125,0.0,0.0,0.0,0.0,20230918,99991231
55,01,14150,0.0,0.0,0.0,0.0,20230918,99991231
55,01,14200,0.0,0.0,0.0,0.0,20230918,99991231
55,01,14225,0.0,0.0,0.0,0.0,20230918,99991231
55,01,14300,0.0,0.0,0.0,0.0,20230918,99991231
55,01,14325,0.0,0.0,0.0,0.0,20230918,99991231
55,01,14350,0.0,0.0,0.0,0.0,20230918,99991231
55,01,14425,0.0,0.0,0.0,0.0,20230918,99991231
55,01,14475,0.0,0.0,0.0,0.0,20230918,99991231
55,01,14500,0.0,0.0,0.0,0.0,20230918,99991231
55,01,14525,0.0,0.0,0.0,0.0,20230918,99991231
55,01,14550,0.0,0.0,0.0,0.0,20230918,99991231
55,01,14575,0.0,0.0,0.0,0.0,20230918,99991231
55,01,14650,0.0,0.0,0.0,0.0,20230918,99991231
55,01,14675,0.0,0.0,0.0,0.0,20230918,99991231
55,01,14750,0.0,0.0,0.0,0.0,20230918,99991231
55,01,14800,0.0,0.0,0.0,0.0,20230918,99991231
55,01,14837,0.0,0.0,0.0,0.0,20230918,99991231
55,01,15000,0.0,0.0,0.0,0.0,20230918,99991231
55,01,15025,0.0,0.0,0.0,0.0,20230918,99991231
55,01,15075,0.0,0.0,0.0,0.0,20230918,99991231
55,01,15100,0.0,0.0,0.0,0.0,20230918,99991231
55,01,15125,0.0,0.0,0.0,0.0,20230918,99991231
55,01,15150,0.0,0.0,0.0,0.0,20230918,99991231
55,01,15200,0.0,0.0,0.0,0.0,20230918,99991231
55,01,15225,0.0,0.0,0.0,0.0,20230918,99991231
55,01,15250,0.0,0.0,0.0,0.0,20230918,99991231
55,01,15275,0.0,0.0,0.0,0.0,20230918,99991231
55,01,15350,0.0,0.0,0.0,0.0,20230918,99991231
55,01,15375,0.0,0.0,0.0,0.0,20230918,99991231
55,01,15400,0.0,0.0,0.0,0.0,20230918,99991231
55,01,15425,0.0,0.0,0.0,0.0,20230918,99991231
55,01,15450,0.0,0.0,0.0,0.0,20230918,99991231
55,01,15500,0.0,0.0,0.0,0.0,20230918,99991231
55,01,15550,0.0,0.0,0.0,0.0,20230918,99991231
55,01,15575,0.0,0.0,0.0,0.0,20230918,99991231
55,01,15600,0.0,0.0,0.0,0.0,20230918,99991231
55,01,15625,0.0,0.0,0.0,0.0,20230918,99991231
55,01,15650,0.0,0.0,0.0,0.0,20230918,99991231
55,01,15675,0.0,0.0,0.0,0.0,20230918,99991231
55,01,15725,0.0,0.0,0.0,0.0,20230918,99991231
55,01,15750,0.0,0.0,0.0,0.0,20230918,99991231
55,01,15825,0.0,0.0,0.0,0.0,20230918,99991231
55,01,15850,0.0,0.0,0.0,0.0,20230918,99991231
55,01,15875,0.0,0.0,0.0,0.0,20230918,99991231
55,01,15900,0.0,0.0,0.0,0.0,20230918,99991231
55,01,15925,0.0,0.0,0.0,0.0,20230918,99991231
55,01,15975,0.0,0.0,0.0,0.0,20230918,99991231
55,01,16025,0.0,0.0,0.0,0.0,20230918,99991231
55,01,16075,0.0,0.0,0.0,0.0,20230918,99991231
55,01,16125,0.0,0.0,0.0,0.0,20230918,99991231
55,01,16150,0.0,0.0,0.0,0.0,20230918,99991231
55,01,16175,0.0,0.0,0.0,0.0,20230918,99991231
55,01,16225,0.0,0.0,0.0,0.0,20230918,99991231
55,01,16250,0.0,0.0,0.0,0.0,20230918,99991231
55,01,16275,0.0,0.0,0.0,0.0,20230918,99991231
55,01,16300,0.0,0.0,0.0,0.0,20230918,99991231
55,01,16375,0.0,0.0,0.0,0.0,20230918,99991231
55,01,16400,0.0,0.0,0.0,0.0,20230918,99991231
55,01,16450,0.0,0.0,0.0,0.0,20230918,99991231
55,01,16475,0.0,0.0,0.0,0.0,20230918,99991231
55,01,16500,0.0,0.0,0.0,0.0,20230918,99991231
55,01,16550,0.0,0.0,0.0,0.0,20230918,99991231
55,01,16650,0.0,0.0,0.0,0.0,20230918,99991231
55,01,16750,0.0,0.0,0.0,0.0,20230918,99991231
55,01,16775,0.0,0.0,0.0,0.0,20230918,99991231
55,01,16800,0.0,0.0,0.0,0.0,20230918,99991231
55,01,16875,0.0,0.0,0.0,0.0,20230918,99991231
55,01,16900,0.0,0.0,0.0,0.0,20230918,99991231
55,01,16950,0.0,0.0,0.0,0.0,20230918,99991231
55,01,17100,0.0,0.0,0.0,0.0,20230918,99991231
55,01,17125,0.0,0.0,0.0,0.0,20230918,99991231
55,01,17175,0.0,0.0,0.0,0.0,20230918,99991231
55,01,17200,0.0,0.0,0.0,0.0,20230918,99991231
55,01,17225,0.0,0.0,0.0,0.0,20230918,99991231
55,01,17250,0.0,0.0,0.0,0.0,20230918,99991231
55,01,17325,0.0,0.0,0.0,0.0,20230918,99991231
55,01,17425,0.0,0.0,0.0,0.0,20230918,99991231
55,01,17450,0.0,0.0,0.0,0.0,20230918,99991231
55,01,17525,0.0,0.0,0.0,0.0,20230918,99991231
55,01,17625,0.0,0.0,0.0,0.0,20230918,99991231
55,01,17725,0.0,0.0,0.0,0.0,20230918,99991231
55,01,17737,0.0,0.0,0.0,0.0,20230918,99991231
55,01,17775,0.0,0.0,0.0,0.0,20230918,99991231
55,01,17800,0.0,0.0,0.0,0.0,20230918,99991231
55,01,17850,0.0,0.0,0.0,0.0,20230918,99991231
55,01,17875,0.0,0.0,0.0,0.0,20230918,99991231
55,01,17900,0.0,0.0,0.0,0.0,20230918,99991231
55,01,17950,0.0,0.0,0.0,0.0,20230918,99991231
55,01,17975,0.0,0.0,0.0,0.0,20230918,99991231
55,01,18025,0.0,0.0,0.0,0.0,20230918,99991231
55,01,18050,0.0,0.0,0.0,0.0,20230918,99991231
55,01,18075,0.0,0.0,0.0,0.0,20230918,99991231
55,01,18125,0.0,0.0,0.0,0.0,20230918,99991231
55,01,18225,0.0,0.0,0.0,0.0,20230918,99991231
55,01,18300,0.0,0.0,0.0,0.0,20230918,99991231
55,01,18425,0.0,0.0,0.0,0.0,20230918,99991231
55,01,18475,0.0,0.0,0.0,0.0,20230918,99991231
55,01,18525,0.0,0.0,0.0,0.0,20230918,99991231
55,01,18575,0.0,0.0,0.0,0.0,20230918,99991231
55,01,18600,0.0,0.0,0.0,0.0,20230918,99991231
55,01,18700,0.0,0.0,0.0,0.0,20230918,99991231
55,01,18725,0.0,0.0,0.0,0.0,20230918,99991231
55,01,18750,0.0,0.0,0.0,0.0,20230918,99991231
55,01,18825,0.0,0.0,0.0,0.0,20230918,99991231
55,01,18850,0.0,0.0,0.0,0.0,20230918,99991231
55,01,18875,0.0,0.0,0.0,0.0,20230918,99991231
55,01,18900,0.0,0.0,0.0,0.0,20230918,99991231
55,01,18950,0.0,0.0,0.0,0.0,20230918,99991231
55,01,19000,0.0,0.0,0.0,0.0,20230918,99991231
55,01,19025,0.0,0.0,0.0,0.0,20230918,99991231
55,01,19075,0.0,0.0,0.0,0.0,20230918,99991231
55,01,19200,0.0,0.0,0.0,0.0,20230918,99991231
55,01,19225,0.0,0.0,0.0,0.0,20230918,99991231
55,01,19250,0.0,0.0,0.0,0.0,20230918,99991231
55,01,19275,0.0,0.0,0.0,0.0,20230918,99991231
55,01,19300,0.0,0.0,0.0,0.0,20230918,99991231
55,01,19325,0.0,0.0,0.0,0.0,20230918,99991231
55,01,19350,0.0,0.0,0.0,0.0,20230918,99991231
55,01,19375,0.0,0.0,0.0,0.0,20230918,99991231
55,01,19400,0.0,0.0,0.0,0.0,20230918,99991231
55,01,19425,0.0,0.0,0.0,0.0,20230918,99991231
55,01,19450,0.0,0.0,0.0,0.0,20230918,99991231
55,01,19475,0.0,0.0,0.0,0.0,20230918,99991231
55,01,19550,0.0,0.0,0.0,0.0,20230918,99991231
55,01,19575,0.0,0.0,0.0,0.0,20230918,99991231
55,01,19625,0.0,0.0,0.0,0.0,20230918,99991231
55,01,19662,0.0,0.0,0.0,0.0,20230918,99991231
55,01,19675,0.0,0.0,0.0,0.0,20230918,99991231
55,01,19700,0.0,0.0,0.0,0.0,20230918,99991231
55,01,19775,0.0,0.0,0.0,0.0,20230918,99991231
55,01,19850,0.0,0.0,0.0,0.0,20230918,99991231
55,01,19925,0.0,0.0,0.0,0.0,20230918,99991231
55,01,19975,0.0,0.0,0.0,0.0,20230918,99991231
55,01,20000,0.0,0.0,0.0,0.0,20230918,99991231
55,01,20025,0.0,0.0,0.0,0.0,20230918,99991231
55,01,20075,0.0,0.0,0.0,0.0,20230918,99991231
55,01,20150,0.0,0.0,0.0,0.0,20230918,99991231
55,01,20175,0.0,0.0,0.0,0.0,20230918,99991231
55,01,20300,0.0,0.0,0.0,0.0,20230918,99991231
55,01,20350,0.0,0.0,0.0,0.0,20230918,99991231
55,01,20375,0.0,0.0,0.0,0.0,20230918,99991231
55,01,20450,0.0,0.0,0.0,0.0,20230918,99991231
55,01,20475,0.0,0.0,0.0,0.0,20230918,99991231
55,01,20525,0.0,0.0,0.0,0.0,20230918,99991231
55,01,20550,0.0,0.0,0.0,0.0,20230918,99991231
55,01,20575,0.0,0.0,0.0,0.0,20230918,99991231
55,01,20625,0.0,0.0,0.0,0.0,20230918,99991231
55,01,20650,0.0,0.0,0.0,0.0,20230918,99991231
55,01,20675,0.0,0.0,0.0,0.0,20230918,99991231
55,01,20750,0.0,0.0,0.0,0.0,20230918,99991231
55,01,20775,0.0,0.0,0.0,0.0,20230918,99991231
55,01,20800,0.0,0.0,0.0,0.0,20230918,99991231
55,01,20825,0.0,0.0,0.0,0.0,20230918,99991231
55,01,20850,0.0,0.0,0.0,0.0,20230918,99991231
55,01,20887,0.0,0.0,0.0,0.0,20230918,99991231
55,01,21000,0.0,0.0,0.0,0.0,20230918,99991231
55,01,21100,0.0,0.0,0.0,0.0,20230918,99991231
55,01,21125,0.0,0.0,0.0,0.0,20230918,99991231
55,01,21150,0.0,0.0,0.0,0.0,20230918,99991231
55,01,21200,0.0,0.0,0.0,0.0,20230918,99991231
55,01,21225,0.0,0.0,0.0,0.0,20230918,99991231
55,01,21250,0.0,0.0,0.0,0.0,20230918,99991231
55,01,21400,0.0,0.0,0.0,0.0,20230918,99991231
55,01,21425,0.0,0.0,0.0,0.0,20230918,99991231
55,01,21450,0.0,0.0,0.0,0.0,20230918,99991231
55,01,21600,0.0,0.0,0.0,0.0,20230918,99991231
55,01,21625,0.0,0.0,0.0,0.0,20230918,99991231
55,01,21900,0.0,0.0,0.0,0.0,20230918,99991231
55,01,21925,0.0,0.0,0.0,0.0,20230918,99991231
55,01,22000,0.0,0.0,0.0,0.0,20230918,99991231
55,01,22025,0.0,0.0,0.0,0.0,20230918,99991231
55,01,22100,0.0,0.0,0.0,0.0,20230918,99991231
55,01,22125,0.0,0.0,0.0,0.0,20230918,99991231
55,01,22225,0.0,0.0,0.0,0.0,20230918,99991231
55,01,22250,0.0,0.0,0.0,0.0,20230918,99991231
55,01,22275,0.0,0.0,0.0,0.0,20230918,99991231
55,01,22300,0.0,0.0,0.0,0.0,20230918,99991231
55,01,22375,0.0,0.0,0.0,0.0,20230918,99991231
55,01,22400,0.0,0.0,0.0,0.0,20230918,99991231
55,01,22425,0.0,0.0,0.0,0.0,20230918,99991231
55,01,22450,0.0,0.0,0.0,0.0,20230918,99991231
55,01,22475,0.0,0.0,0.0,0.0,20230918,99991231
55,01,22500,0.0,0.0,0.0,0.0,20230918,99991231
55,01,22525,0.0,0.0,0.0,0.0,20230918,99991231
55,01,22550,0.0,0.0,0.0,0.0,20230918,99991231
55,01,22575,0.0,0.0,0.0,0.0,20230918,99991231
55,01,22625,0.0,0.0,0.0,0.0,20230918,99991231
55,01,22750,0.0,0.0,0.0,0.0,20230918,99991231
55,01,22850,0.0,0.0,0.0,0.0,20230918,99991231
55,01,22875,0.0,0.0,0.0,0.0,20230918,99991231
55,01,22925,0.0,0.0,0.0,0.0,20230918,99991231
55,01,22950,0.0,0.0,0.0,0.0,20230918,99991231
55,01,22975,0.0,0.0,0.0,0.0,20230918,99991231
55,01,23000,0.0,0.0,0.0,0.0,20230918,99991231
55,01,23050,0.0,0.0,0.0,0.0,20230918,99991231
55,01,23075,0.0,0.0,0.0,0.0,20230918,99991231
55,01,23100,0.0,0.0,0.0,0.0,20230918,99991231
55,01,23150,0.0,0.0,0.0,0.0,20230918,99991231
55,01,23175,0.0,0.0,0.0,0.0,20230918,99991231
55,01,23200,0.0,0.0,0.0,0.0,20230918,99991231
55,01,23262,0.0,0.0,0.0,0.0,20230918,99991231
55,01,23275,0.0,0.0,0.0,0.0,20230918,99991231
55,01,23300,0.0,0.0,0.0,0.0,20230918,99991231
55,01,23325,0.0,0.0,0.0,0.0,20230918,99991231
55,01,23350,0.0,0.0,0.0,0.0,20230918,99991231
55,01,23400,0.0,0.0,0.0,0.0,20230918,99991231
55,01,23425,0.0,0.0,0.0,0.0,20230918,99991231
55,01,23525,0.0,0.0,0.0,0.0,20230918,99991231
55,01,23550,0.0,0.0,0.0,0.0,20230918,99991231
55,01,23575,0.0,0.0,0.0,0.0,20230918,99991231
55,01,23700,0.0,0.0,0.0,0.0,20230918,99991231
55,01,23725,0.0,0.0,0.0,0.0,20230918,99991231
55,01,23775,0.0,0.0,0.0,0.0,20230918,99991231
55,01,23800,0.0,0.0,0.0,0.0,20230918,99991231
55,01,23850,0.0,0.0,0.0,0.0,20230918,99991231
55,01,23925,0.0,0.0,0.0,0.0,20230918,99991231
55,01,23975,0.0,0.0,0.0,0.0,20230918,99991231
55,01,24000,0.0,0.0,0.0,0.0,20230918,99991231
55,01,24025,0.0,0.0,0.0,0.0,20230918,99991231
55,01,24050,0.0,0.0,0.0,0.0,20230918,99991231
55,01,24075,0.0,0.0,0.0,0.0,20230918,99991231
55,01,24125,0.0,0.0,0.0,0.0,20230918,99991231
55,01,24150,0.0,0.0,0.0,0.0,20230918,99991231
55,01,24225,0.0,0.0,0.0,0.0,20230918,99991231
55,01,24275,0.0,0.0,0.0,0.0,20230918,99991231
55,01,24375,0.0,0.0,0.0,0.0,20230918,99991231
55,01,24400,0.0,0.0,0.0,0.0,20230918,99991231
55,01,24425,0.0,0.0,0.0,0.0,20230918,99991231
55,01,24450,0.0,0.0,0.0,0.0,20230918,99991231
55,01,24550,0.0,0.0,0.0,0.0,20230918,99991231
55,01,24575,0.0,0.0,0.0,0.0,20230918,99991231
55,01,24600,0.0,0.0,0.0,0.0,20230918,99991231
55,01,24675,0.0,0.0,0.0,0.0,20230918,99991231
55,01,24700,0.0,0.0,0.0,0.0,20230918,99991231
55,01,24725,0.0,0.0,0.0,0.0,20230918,99991231
55,01,24775,0.0,0.0,0.0,0.0,20230918,99991231
55,01,24825,0.0,0.0,0.0,0.0,20230918,99991231
55,01,24850,0.0,0.0,0.0,0.0,20230918,99991231
55,01,24900,0.0,0.0,0.0,0.0,20230918,99991231
55,01,25075,0.0,0.0,0.0,0.0,20230918,99991231
55,01,25125,0.0,0.0,0.0,0.0,20230918,99991231
55,01,25150,0.0,0.0,0.0,0.0,20230918,99991231
55,01,25300,0.0,0.0,0.0,0.0,20230918,99991231
55,01,25325,0.0,0.0,0.0,0.0,20230918,99991231
55,01,25350,0.0,0.0,0.0,0.0,20230918,99991231
55,01,25375,0.0,0.0,0.0,0.0,20230918,99991231
55,01,25400,0.0,0.0,0.0,0.0,20230918,99991231
55,01,25475,0.0,0.0,0.0,0.0,20230918,99991231
55,01,25575,0.0,0.0,0.0,0.0,20230918,99991231
55,01,25600,0.0,0.0,0.0,0.0,20230918,99991231
55,01,25625,0.0,0.0,0.0,0.0,20230918,99991231
55,01,25650,0.0,0.0,0.0,0.0,20230918,99991231
55,01,25675,0.0,0.0,0.0,0.0,20230918,99991231
55,01,25725,0.0,0.0,0.0,0.0,20230918,99991231
55,01,25775,0.0,0.0,0.0,0.0,20230918,99991231
55,01,25850,0.0,0.0,0.0,0.0,20230918,99991231
55,01,25950,0.0,0.0,0.0,0.0,20230918,99991231
55,01,26050,0.0,0.0,0.0,0.0,20230918,99991231
55,01,26100,0.0,0.0,0.0,0.0,20230918,99991231
55,01,26200,0.0,0.0,0.0,0.0,20230918,99991231
55,01,26275,0.0,0.0,0.0,0.0,20230918,99991231
55,01,26300,0.0,0.0,0.0,0.0,20230918,99991231
55,01,26350,0.0,0.0,0.0,0.0,20230918,99991231
55,01,26400,0.0,0.0,0.0,0.0,20230918,99991231
55,01,26425,0.0,0.0,0.0,0.0,20230918,99991231
55,01,26450,0.0,0.0,0.0,0.0,20230918,99991231
55,01,26475,0.0,0.0,0.0,0.0,20230918,99991231
55,01,26525,0.0,0.0,0.0,0.0,20230918,99991231
55,01,26550,0.0,0.0,0.0,0.0,20230918,99991231
55,01,26625,0.0,0.0,0.0,0.0,20230918,99991231
55,01,26650,0.0,0.0,0.0,0.0,20230918,99991231
55,01,26675,0.0,0.0,0.0,0.0,20230918,99991231
55,01,26725,0.0,0.0,0.0,0.0,20230918,99991231
55,01,26775,0.0,0.0,0.0,0.0,20230918,99991231
55,01,26825,0.0,0.0,0.0,0.0,20230918,99991231
55,01,26850,0.0,0.0,0.0,0.0,20230918,99991231
55,01,26875,0.0,0.0,0.0,0.0,20230918,99991231
55,01,26982,0.0,0.0,0.0,0.0,20230918,99991231
55,01,27000,0.0,0.0,0.0,0.0,20230918,99991231
55,01,27025,0.0,0.0,0.0,0.0,20230918,99991231
55,01,27075,0.0,0.0,0.0,0.0,20230918,99991231
55,01,27125,0.0,0.0,0.0,0.0,20230918,99991231
55,01,27150,0.0,0.0,0.0,0.0,20230918,99991231
55,01,27175,0.0,0.0,0.0,0.0,20230918,99991231
55,01,27225,0.0,0.0,0.0,0.0,20230918,99991231
55,01,27250,0.0,0.0,0.0,0.0,20230918,99991231
55,01,27275,0.0,0.0,0.0,0.0,20230918,99991231
55,01,27300,0.0,0.0,0.0,0.0,20230918,99991231
55,01,27350,0.0,0.0,0.0,0.0,20230918,99991231
55,01,27400,0.0,0.0,0.0,0.0,20230918,99991231
55,01,27450,0.0,0.0,0.0,0.0,20230918,99991231
55,01,27500,0.0,0.0,0.0,0.0,20230918,99991231
55,01,27550,0.0,0.0,0.0,0.0,20230918,99991231
55,01,27575,0.0,0.0,0.0,0.0,20230918,99991231
55,01,27600,0.0,0.0,0.0,0.0,20230918,99991231
55,01,27650,0.0,0.0,0.0,0.0,20230918,99991231
55,01,27675,0.0,0.0,0.0,0.0,20230918,99991231
55,01,27700,0.0,0.0,0.0,0.0,20230918,99991231
55,01,27775,0.0,0.0,0.0,0.0,20230918,99991231
55,01,27800,0.0,0.0,0.0,0.0,20230918,99991231
55,01,27850,0.0,0.0,0.0,0.0,20230918,99991231
55,01,27950,0.0,0.0,0.0,0.0,20230918,99991231
55,01,27975,0.0,0.0,0.0,0.0,20230918,99991231
55,01,28000,0.0,0.0,0.0,0.0,20230918,99991231
55,01,28025,0.0,0.0,0.0,0.0,20230918,99991231
55,01,28075,0.0,0.0,0.0,0.0,20230918,99991231
55,01,28150,0.0,0.0,0.0,0.0,20230918,99991231
55,01,28200,0.0,0.0,0.0,0.0,20230918,99991231
55,01,28250,0.0,0.0,0.0,0.0,20230918,99991231
55,01,28300,0.0,0.0,0.0,0.0,20230918,99991231
55,01,28325,0.0,0.0,0.0,0.0,20230918,99991231
55,01,28350,0.0,0.0,0.0,0.0,20230918,99991231
55,01,28450,0.0,0.0,0.0,0.0,20230918,99991231
55,01,28487,0.0,0.0,0.0,0.0,20230918,99991231
55,01,28550,0.0,0.0,0.0,0.0,20230918,99991231
55,01,28625,0.0,0.0,0.0,0.0,20230918,99991231
55,01,28650,0.0,0.0,0.0,0.0,20230918,99991231
55,01,28675,0.0,0.0,0.0,0.0,20230918,99991231
55,01,28725,0.0,0.0,0.0,0.0,20230918,99991231
55,01,28750,0.0,0.0,0.0,0.0,20230918,99991231
55,01,28825,0.0,0.0,0.0,0.0,20230918,99991231
55,01,28850,0.0,0.0,0.0,0.0,20230918,99991231
55,01,28875,0.0,0.0,0.0,0.0,20230918,99991231
55,01,28900,0.0,0.0,0.0,0.0,20230918,99991231
55,01,28950,0.0,0.0,0.0,0.0,20230918,99991231
55,01,28975,0.0,0.0,0.0,0.0,20230918,99991231
55,01,29050,0.0,0.0,0.0,0.0,20230918,99991231
55,01,29075,0.0,0.0,0.0,0.0,20230918,99991231
55,01,29150,0.0,0.0,0.0,0.0,20230918,99991231
55,01,29175,0.0,0.0,0.0,0.0,20230918,99991231
55,01,29225,0.0,0.0,0.0,0.0,20230918,99991231
55,01,29250,0.0,0.0,0.0,0.0,20230918,99991231
55,01,29350,0.0,0.0,0.0,0.0,20230918,99991231
55,01,29375,0.0,0.0,0.0,0.0,20230918,99991231
55,01,29400,0.0,0.0,0.0,0.0,20230918,99991231
55,01,29450,0.0,0.0,0.0,0.0,20230918,99991231
55,01,29475,0.0,0.0,0.0,0.0,20230918,99991231
55,01,29525,0.0,0.0,0.0,0.0,20230918,99991231
55,01,29550,0.0,0.0,0.0,0.0,20230918,99991231
55,01,29600,0.0,0.0,0.0,0.0,20230918,99991231
55,01,29625,0.0,0.0,0.0,0.0,20230918,99991231
55,01,29700,0.0,0.0,0.0,0.0,20230918,99991231
55,01,29775,0.0,0.0,0.0,0.0,20230918,99991231
55,01,29837,0.0,0.0,0.0,0.0,20230918,99991231
55,01,29875,0.0,0.0,0.0,0.0,20230918,99991231
55,01,29925,0.0,0.0,0.0,0.0,20230918,99991231
55,01,30000,0.0,0.0,0.0,0.0,20230918,99991231
55,01,30025,0.0,0.0,0.0,0.0,20230918,99991231
55,01,30075,0.0,0.0,0.0,0.0,20230918,99991231
55,01,30125,0.0,0.0,0.0,0.0,20230918,99991231
55,01,30175,0.0,0.0,0.0,0.0,20230918,99991231
55,01,30275,0.0,0.0,0.0,0.0,20230918,99991231
55,01,30300,0.0,0.0,0.0,0.0,20230918,99991231
55,01,30325,0.0,0.0,0.0,0.0,20230918,99991231
55,01,30350,0.0,0.0,0.0,0.0,20230918,99991231
55,01,30375,0.0,0.0,0.0,0.0,20230918,99991231
55,01,30400,0.0,0.0,0.0,0.0,20230918,99991231
55,01,30425,0.0,0.0,0.0,0.0,20230918,99991231
55,01,30450,0.0,0.0,0.0,0.0,20230918,99991231
55,01,30475,0.0,0.0,0.0,0.0,20230918,99991231
55,01,30575,0.0,0.0,0.0,0.0,20230918,99991231
55,01,30600,0.0,0.0,0.0,0.0,20230918,99991231
55,01,31000,0.0,0.0,0.0,0.0,20230918,99991231
55,01,31025,0.0,0.0,0.0,0.0,20230918,99991231
55,01,31100,0.0,0.0,0.0,0.0,20230918,99991231
55,01,31125,0.0,0.0,0.0,0.0,20230918,99991231
55,01,31150,0.0,0.0,0.0,0.0,20230918,99991231
55,01,31175,0.0,0.0,0.0,0.0,20230918,99991231
55,01,31225,0.0,0.0,0.0,0.0,20230918,99991231
55,01,31250,0.0,0.0,0.0,0.0,20230918,99991231
55,01,31275,0.0,0.0,0.0,0.0,20230918,99991231
55,01,31300,0.0,0.0,0.0,0.0,20230918,99991231
55,01,31350,0.0,0.0,0.0,0.0,20230918,99991231
55,01,31375,0.0,0.0,0.0,0.0,20250701,99991231
55,01,31450,0.0,0.0,0.0,0.0,20230918,99991231
55,01,31500,0.0,0.0,0.0,0.0,20230918,99991231
55,01,31525,0.0,0.0,0.0,0.0,20230918,99991231
55,01,31575,0.0,0.0,0.0,0.0,20230918,99991231
55,01,31600,0.0,0.0,0.0,0.0,20230918,99991231
55,01,31625,0.0,0.0,0.0,0.0,20230918,99991231
55,01,31675,0.0,0.0,0.0,0.0,20230918,99991231
55,01,31725,0.0,0.0,0.0,0.0,20230918,99991231
55,01,31750,0.0,0.0,0.0,0.0,20230918,99991231
55,01,31775,0.0,0.0,0.0,0.0,20230918,99991231
55,01,31800,0.0,0.0,0.0,0.0,20230918,99991231
55,01,31825,0.0,0.0,0.0,0.0,20230918,99991231
55,01,31875,0.0,0.0,0.0,0.0,20230918,99991231
55,01,31925,0.0,0.0,0.0,0.0,20230918,99991231
55,01,32050,0.0,0.0,0.0,0.0,20230918,99991231
55,01,32075,0.0,0.0,0.0,0.0,20230918,99991231
55,01,32125,0.0,0.0,0.0,0.0,20230918,99991231
55,01,32150,0.0,0.0,0.0,0.0,20230918,99991231
55,01,32200,0.0,0.0,0.0,0.0,20230918,99991231
55,01,32225,0.0,0.0,0.0,0.0,20230918,99991231
55,01,32275,0.0,0.0,0.0,0.0,20230918,99991231
55,01,32300,0.0,0.0,0.0,0.0,20230918,99991231
55,01,32325,0.0,0.0,0.0,0.0,20230918,99991231
55,01,32350,0.0,0.0,0.0,0.0,20230918,99991231
55,01,32375,0.0,0.0,0.0,0.0,20230918,99991231
55,01,32450,0.0,0.0,0.0,0.0,20230918,99991231
55,01,32475,0.0,0.0,0.0,0.0,20230918,99991231
55,01,32500,0.0,0.0,0.0,0.0,20230918,99991231
55,01,32575,0.0,0.0,0.0,0.0,20230918,99991231
55,01,32650,0.0,0.0,0.0,0.0,20230918,99991231
55,01,32675,0.0,0.0,0.0,0.0,20230918,99991231
55,01,32700,0.0,0.0,0.0,0.0,20230918,99991231
55,01,32725,0.0,0.0,0.0,0.0,20230918,99991231
55,01,32775,0.0,0.0,0.0,0.0,20230918,99991231
55,01,32790,0.0,0.0,0.0,0.0,20230918,99991231
55,01,32800,0.0,0.0,0.0,0.0,20230918,99991231
55,01,32825,0.0,0.0,0.0,0.0,20230918,99991231
55,01,32875,0.0,0.0,0.0,0.0,20230918,99991231
55,01,32900,0.0,0.0,0.0,0.0,20230918,99991231
55,01,32925,0.0,0.0,0.0,0.0,20230918,99991231
55,01,33000,0.0,0.0,0.0,0.0,20230918,99991231
55,01,33025,0.0,0.0,0.0,0.0,20230918,99991231
55,01,33050,0.0,0.0,0.0,0.0,20230918,99991231
55,01,33075,0.0,0.0,0.0,0.0,20230918,99991231
55,01,33100,0.0,0.0,0.0,0.0,20230918,99991231
55,01,33175,0.0,0.0,0.0,0.0,20230918,99991231
55,01,33225,0.0,0.0,0.0,0.0,20230918,99991231
55,01,33275,0.0,0.0,0.0,0.0,20230918,99991231
55,01,33300,0.0,0.0,0.0,0.0,20230918,99991231
55,01,33350,0.0,0.0,0.0,0.0,20230918,99991231
55,01,33400,0.0,0.0,0.0,0.0,20230918,99991231
55,01,33450,0.0,0.0,0.0,0.0,20230918,99991231
55,01,33475,0.0,0.0,0.0,0.0,20230918,99991231
55,01,33500,0.0,0.0,0.0,0.0,20230918,99991231
55,01,33525,0.0,0.0,0.0,0.0,20230918,99991231
55,01,33575,0.0,0.0,0.0,0.0,20230918,99991231
55,01,33700,0.0,0.0,0.0,0.0,20230918,99991231
55,01,33850,0.0,0.0,0.0,0.0,20230918,99991231
55,01,33900,0.0,0.0,0.0,0.0,20230918,99991231
55,01,33925,0.0,0.0,0.0,0.0,20230918,99991231
55,01,34000,0.0,0.0,0.0,0.0,20230918,99991231
55,01,34025,0.0,0.0,0.0,0.0,20230918,99991231
55,01,34050,0.0,0.0,0.0,0.0,20230918,99991231
55,01,34200,0.0,0.0,0.0,0.0,20230918,99991231
55,01,34225,0.0,0.0,0.0,0.0,20230918,99991231
55,01,34250,0.0,0.0,0.0,0.0,20230918,99991231
55,01,34300,0.0,0.0,0.0,0.0,20230918,99991231
55,01,34425,0.0,0.0,0.0,0.0,20230918,99991231
55,01,34450,0.0,0.0,0.0,0.0,20230918,99991231
55,01,34475,0.0,0.0,0.0,0.0,20230918,99991231
55,01,34575,0.0,0.0,0.0,0.0,20230918,99991231
55,01,34650,0.0,0.0,0.0,0.0,20230918,99991231
55,01,34675,0.0,0.0,0.0,0.0,20230918,99991231
55,01,34725,0.0,0.0,0.0,0.0,20230918,99991231
55,01,34825,0.0,0.0,0.0,0.0,20230918,99991231
55,01,34850,0.0,0.0,0.0,0.0,20230918,99991231
55,01,35050,0.0,0.0,0.0,0.0,20230918,99991231
55,01,35075,0.0,0.0,0.0,0.0,20230918,99991231
55,01,35100,0.0,0.0,0.0,0.0,20230918,99991231
55,01,35125,0.0,0.0,0.0,0.0,20230918,99991231
55,01,35150,0.0,0.0,0.0,0.0,20230918,99991231
55,01,35325,0.0,0.0,0.0,0.0,20230918,99991231
55,01,35350,0.0,0.0,0.0,0.0,20230918,99991231
55,01,35375,0.0,0.0,0.0,0.0,20230918,99991231
55,01,35400,0.0,0.0,0.0,0.0,20230918,99991231
55,01,35450,0.0,0.0,0.0,0.0,20230918,99991231
55,01,35500,0.0,0.0,0.0,0.0,20230918,99991231
55,01,35525,0.0,0.0,0.0,0.0,20230918,99991231
55,01,35600,0.0,0.0,0.0,0.0,20230918,99991231
55,01,35625,0.0,0.0,0.0,0.0,20230918,99991231
55,01,35750,0.0,0.0,0.0,0.0,20230918,99991231
55,01,35825,0.0,0.0,0.0,0.0,20230918,99991231
55,01,35850,0.0,0.0,0.0,0.0,20230918,99991231
55,01,35925,0.0,0.0,0.0,0.0,20230918,99991231
55,01,35950,0.0,0.0,0.0,0.0,20230918,99991231
55,01,36000,0.0,0.0,0.0,0.0,20230918,99991231
55,01,36025,0.0,0.0,0.0,0.0,20230918,99991231
55,01,36100,0.0,0.0,0.0,0.0,20230918,99991231
55,01,36125,0.0,0.0,0.0,0.0,20230918,99991231
55,01,36250,0.0,0.0,0.0,0.0,20230918,99991231
55,01,36275,0.0,0.0,0.0,0.0,20230918,99991231
55,01,36300,0.0,0.0,0.0,0.0,20230918,99991231
55,01,36325,0.0,0.0,0.0,0.0,20230918,99991231
55,01,36350,0.0,0.0,0.0,0.0,20230918,99991231
55,01,36425,0.0,0.0,0.0,0.0,20230918,99991231
55,01,36450,0.0,0.0,0.0,0.0,20230918,99991231
55,01,36525,0.0,0.0,0.0,0.0,20230918,99991231
55,01,36625,0.0,0.0,0.0,0.0,20230918,99991231
55,01,36650,0.0,0.0,0.0,0.0,20230918,99991231
55,01,36675,0.0,0.0,0.0,0.0,20230918,99991231
55,01,36700,0.0,0.0,0.0,0.0,20230918,99991231
55,01,36800,0.0,0.0,0.0,0.0,20230918,99991231
55,01,36925,0.0,0.0,0.0,0.0,20230918,99991231
55,01,37025,0.0,0.0,0.0,0.0,20230918,99991231
55,01,37050,0.0,0.0,0.0,0.0,20230918,99991231
55,01,37150,0.0,0.0,0.0,0.0,20230918,99991231
55,01,37200,0.0,0.0,0.0,0.0,20230918,99991231
55,01,37225,0.0,0.0,0.0,0.0,20230918,99991231
55,01,37250,0.0,0.0,0.0,0.0,20230918,99991231
55,01,37275,0.0,0.0,0.0,0.0,20230918,99991231
55,01,37350,0.0,0.0,0.0,0.0,20230918,99991231
55,01,37500,0.0,0.0,0.0,0.0,20230918,99991231
55,01,37600,0.0,0.0,0.0,0.0,20230918,99991231
55,01,37625,0.0,0.0,0.0,0.0,20230918,99991231
55,01,37650,0.0,0.0,0.0,0.0,20230918,99991231
55,01,37675,0.0,0.0,0.0,0.0,20230918,99991231
55,01,37700,0.0,0.0,0.0,0.0,20230918,99991231
55,01,37750,0.0,0.0,0.0,0.0,20230918,99991231
55,01,37775,0.0,0.0,0.0,0.0,20230918,99991231
55,01,37800,0.0,0.0,0.0,0.0,20230918,99991231
55,01,37825,0.0,0.0,0.0,0.0,20230918,99991231
55,01,37850,0.0,0.0,0.0,0.0,20230918,99991231
55,01,37875,0.0,0.0,0.0,0.0,20230918,99991231
55,01,37900,0.0,0.0,0.0,0.0,20230918,99991231
55,01,37925,0.0,0.0,0.0,0.0,20230918,99991231
55,01,37950,0.0,0.0,0.0,0.0,20230918,99991231
55,01,37975,0.0,0.0,0.0,0.0,20230918,99991231
55,01,38300,0.0,0.0,0.0,0.0,20230918,99991231
55,01,38350,0.0,0.0,0.0,0.0,20230918,99991231
55,01,38400,0.0,0.0,0.0,0.0,20230918,99991231
55,01,38450,0.0,0.0,0.0,0.0,20230918,99991231
55,01,38550,0.0,0.0,0.0,0.0,20230918,99991231
55,01,38627,0.0,0.0,0.0,0.0,20230918,99991231
55,01,38650,0.0,0.0,0.0,0.0,20230918,99991231
55,01,38675,0.0,0.0,0.0,0.0,20230918,99991231
55,01,38800,0.0,0.0,0.0,0.0,20230918,99991231
55,01,38825,0.0,0.0,0.0,0.0,20230918,99991231
55,01,38900,0.0,0.0,0.0,0.0,20230918,99991231
55,01,39000,0.0,0.0,0.0,0.0,20230918,99991231
55,01,39025,0.0,0.0,0.0,0.0,20230918,99991231
55,01,39125,0.0,0.0,0.0,0.0,20230918,99991231
55,01,39150,0.0,0.0,0.0,0.0,20230918,99991231
55,01,39175,0.0,0.0,0.0,0.0,20230918,99991231
55,01,39200,0.0,0.0,0.0,0.0,20230918,99991231
55,01,39225,0.0,0.0,0.0,0.0,20230918,99991231
55,01,39300,0.0,0.0,0.0,0.0,20230918,99991231
55,01,39325,0.0,0.0,0.0,0.0,20230918,99991231
55,01,39350,0.0,0.0,0.0,0.0,20230918,99991231
55,01,39425,0.0,0.0,0.0,0.0,20230918,99991231
55,01,39475,0.0,0.0,0.0,0.0,20230918,99991231
55,01,39525,0.0,0.0,0.0,0.0,20230918,99991231
55,01,39575,0.0,0.0,0.0,0.0,20230918,99991231
55,01,39625,0.0,0.0,0.0,0.0,20230918,99991231
55,01,39650,0.0,0.0,0.0,0.0,20230918,99991231
55,01,39675,0.0,0.0,0.0,0.0,20230918,99991231
55,01,39750,0.0,0.0,0.0,0.0,20230918,99991231
55,01,39775,0.0,0.0,0.0,0.0,20230918,99991231
55,01,39800,0.0,0.0,0.0,0.0,20230918,99991231
55,01,39825,0.0,0.0,0.0,0.0,20230918,99991231
55,01,39975,0.0,0.0,0.0,0.0,20230918,99991231
55,01,40000,0.0,0.0,0.0,0.0,20230918,99991231
55,01,40075,0.0,0.0,0.0,0.0,20230918,99991231
55,01,40150,0.0,0.0,0.0,0.0,20230918,99991231
55,01,40175,0.0,0.0,0.0,0.0,20230918,99991231
55,01,40275,0.0,0.0,0.0,0.0,20230918,99991231
55,01,40325,0.0,0.0,0.0,0.0,20230918,99991231
55,01,40375,0.0,0.0,0.0,0.0,20230918,99991231
55,01,40425,0.0,0.0,0.0,0.0,20230918,99991231
55,01,40550,0.0,0.0,0.0,0.0,20230918,99991231
55,01,40687,0.0,0.0,0.0,0.0,20230918,99991231
55,01,40750,0.0,0.0,0.0,0.0,20230918,99991231
55,01,40775,0.0,0.0,0.0,0.0,20230918,99991231
55,01,40850,0.0,0.0,0.0,0.0,20230918,99991231
55,01,40875,0.0,0.0,0.0,0.0,20230918,99991231
55,01,40900,0.0,0.0,0.0,0.0,20230918,99991231
55,01,40925,0.0,0.0,0.0,0.0,20230918,99991231
55,01,40950,0.0,0.0,0.0,0.0,20230918,99991231
55,01,40975,0.0,0.0,0.0,0.0,20230918,99991231
55,01,41000,0.0,0.0,0.0,0.0,20230918,99991231
55,01,41050,0.0,0.0,0.0,0.0,20230918,99991231
55,01,41075,0.0,0.0,0.0,0.0,20230918,99991231
55,01,41150,0.0,0.0,0.0,0.0,20230918,99991231
55,01,41300,0.0,0.0,0.0,0.0,20230918,99991231
55,01,41450,0.0,0.0,0.0,0.0,20230918,99991231
55,01,41525,0.0,0.0,0.0,0.0,20230918,99991231
55,01,41550,0.0,0.0,0.0,0.0,20230918,99991231
55,01,41600,0.0,0.0,0.0,0.0,20230918,99991231
55,01,41675,0.0,0.0,0.0,0.0,20230918,99991231
55,01,41700,0.0,0.0,0.0,0.0,20230918,99991231
55,01,41725,0.0,0.0,0.0,0.0,20230918,99991231
55,01,41800,0.0,0.0,0.0,0.0,20230918,99991231
55,01,41887,0.0,0.0,0.0,0.0,20230918,99991231
55,01,41900,0.0,0.0,0.0,0.0,20230918,99991231
55,01,42075,0.0,0.0,0.0,0.0,20230918,99991231
55,01,42125,0.0,0.0,0.0,0.0,20230918,99991231
55,01,42175,0.0,0.0,0.0,0.0,20230918,99991231
55,01,42225,0.0,0.0,0.0,0.0,20230918,99991231
55,01,42250,0.0,0.0,0.0,0.0,20230918,99991231
55,01,42325,0.0,0.0,0.0,0.0,20230918,99991231
55,01,42425,0.0,0.0,0.0,0.0,20230918,99991231
55,01,42450,0.0,0.0,0.0,0.0,20230918,99991231
55,01,42500,0.0,0.0,0.0,0.0,20230918,99991231
55,01,42562,0.0,0.0,0.0,0.0,20230918,99991231
55,01,42575,0.0,0.0,0.0,0.0,20230918,99991231
55,01,42650,0.0,0.0,0.0,0.0,20230918,99991231
55,01,42825,0.0,0.0,0.0,0.0,20230918,99991231
55,01,42850,0.0,0.0,0.0,0.0,20230918,99991231
55,01,42900,0.0,0.0,0.0,0.0,20230918,99991231
55,01,42950,0.0,0.0,0.0,0.0,20230918,99991231
55,01,43050,0.0,0.0,0.0,0.0,20230918,99991231
55,01,43075,0.0,0.0,0.0,0.0,20230918,99991231
55,01,43090,0.0,0.0,0.0,0.0,20230918,99991231
55,01,43125,0.0,0.0,0.0,0.0,20230918,99991231
55,01,43300,0.0,0.0,0.0,0.0,20230918,99991231
55,01,43325,0.0,0.0,0.0,0.0,20230918,99991231
55,01,43350,0.0,0.0,0.0,0.0,20230918,99991231
55,01,43400,0.0,0.0,0.0,0.0,20230918,99991231
55,01,43425,0.0,0.0,0.0,0.0,20230918,99991231
55,01,43475,0.0,0.0,0.0,0.0,20230918,99991231
55,01,43500,0.0,0.0,0.0,0.0,20230918,99991231
55,01,43650,0.0,0.0,0.0,0.0,20230918,99991231
55,01,43675,0.0,0.0,0.0,0.0,20230918,99991231
55,01,43700,0.0,0.0,0.0,0.0,20230918,99991231
55,01,43775,0.0,0.0,0.0,0.0,20230918,99991231
55,01,43825,0.0,0.0,0.0,0.0,20230918,99991231
55,01,43850,0.0,0.0,0.0,0.0,20230918,99991231
55,01,43875,0.0,0.0,0.0,0.0,20230918,99991231
55,01,43900,0.0,0.0,0.0,0.0,20230918,99991231
55,01,43925,0.0,0.0,0.0,0.0,20230918,99991231
55,01,44050,0.0,0.0,0.0,0.0,20230918,99991231
55,01,44075,0.0,0.0,0.0,0.0,20230918,99991231
55,01,44125,0.0,0.0,0.0,0.0,20230918,99991231
55,01,44150,0.0,0.0,0.0,0.0,20230918,99991231
55,01,44225,0.0,0.0,0.0,0.0,20230918,99991231
55,01,44250,0.0,0.0,0.0,0.0,20230918,99991231
55,01,44275,0.0,0.0,0.0,0.0,20230918,99991231
55,01,44300,0.0,0.0,0.0,0.0,20230918,99991231
55,01,44325,0.0,0.0,0.0,0.0,20230918,99991231
55,01,44350,0.0,0.0,0.0,0.0,20230918,99991231
55,01,44375,0.0,0.0,0.0,0.0,20230918,99991231
55,01,44425,0.0,0.0,0.0,0.0,20230918,99991231
55,01,44450,0.0,0.0,0.0,0.0,20230918,99991231
55,01,44475,0.0,0.0,0.0,0.0,20230918,99991231
55,01,44500,0.0,0.0,0.0,0.0,20230918,99991231
55,01,44525,0.0,0.0,0.0,0.0,20230918,99991231
55,01,44550,0.0,0.0,0.0,0.0,20230918,99991231
55,01,44575,0.0,0.0,0.0,0.0,20230918,99991231
55,01,44625,0.0,0.0,0.0,0.0,20230918,99991231
55,01,44650,0.0,0.0,0.0,0.0,20230918,99991231
55,01,44675,0.0,0.0,0.0,0.0,20230918,99991231
55,01,44750,0.0,0.0,0.0,0.0,20230918,99991231
55,01,44800,0.0,0.0,0.0,0.0,20230918,99991231
55,01,44825,0.0,0.0,0.0,0.0,20230918,99991231
55,01,44847,0.0,0.0,0.0,0.0,20230918,99991231
55,01,44900,0.0,0.0,0.0,0.0,20230918,99991231
55,01,44950,0.0,0.0,0.0,0.0,20230918,99991231
55,01,44975,0.0,0.0,0.0,0.0,20230918,99991231
55,01,45025,0.0,0.0,0.0,0.0,20230918,99991231
55,01,45150,0.0,0.0,0.0,0.0,20230918,99991231
55,01,45175,0.0,0.0,0.0,0.0,20230918,99991231
55,01,45275,0.0,0.0,0.0,0.0,20230918,99991231
55,01,45300,0.0,0.0,0.0,0.0,20230918,99991231
55,01,45325,0.0,0.0,0.0,0.0,20230918,99991231
55,01,45350,0.0,0.0,0.0,0.0,20230918,99991231
55,01,45375,0.0,0.0,0.0,0.0,20230918,99991231
55,01,45400,0.0,0.0,0.0,0.0,20230918,99991231
55,01,45425,0.0,0.0,0.0,0.0,20230918,99991231
55,01,45475,0.0,0.0,0.0,0.0,20230918,99991231
55,01,45500,0.0,0.0,0.0,0.0,20230918,99991231
55,01,45575,0.0,0.0,0.0,0.0,20230918,99991231
55,01,45625,0.0,0.0,0.0,0.0,20230918,99991231
55,01,45650,0.0,0.0,0.0,0.0,20230918,99991231
55,01,45700,0.0,0.0,0.0,0.0,20230918,99991231
55,01,45775,0.0,0.0,0.0,0.0,20230918,99991231
55,01,45950,0.0,0.0,0.0,0.0,20230918,99991231
55,01,45975,0.0,0.0,0.0,0.0,20230918,99991231
55,01,46050,0.0,0.0,0.0,0.0,20230918,99991231
55,01,46075,0.0,0.0,0.0,0.0,20230918,99991231
55,01,46100,0.0,0.0,0.0,0.0,20230918,99991231
55,01,46150,0.0,0.0,0.0,0.0,20230918,99991231
55,01,46175,0.0,0.0,0.0,0.0,20230918,99991231
55,01,46200,0.0,0.0,0.0,0.0,20230918,99991231
55,01,46225,0.0,0.0,0.0,0.0,20230918,99991231
55,01,46275,0.0,0.0,0.0,0.0,20230918,99991231
55,01,46400,0.0,0.0,0.0,0.0,20230918,99991231
55,01,46425,0.0,0.0,0.0,0.0,20230918,99991231
55,01,46525,0.0,0.0,0.0,0.0,20230918,99991231
55,01,46575,0.0,0.0,0.0,0.0,20230918,99991231
55,01,46600,0.0,0.0,0.0,0.0,20230918,99991231
55,01,46625,0.0,0.0,0.0,0.0,20230918,99991231
55,01,46650,0.0,0.0,0.0,0.0,20230918,99991231
55,01,46675,0.0,0.0,0.0,0.0,20230918,99991231
55,01,46725,0.0,0.0,0.0,0.0,20230918,99991231
55,01,46850,0.0,0.0,0.0,0.0,20230918,99991231
55,01,46875,0.0,0.0,0.0,0.0,20230918,99991231
55,01,46900,0.0,0.0,0.0,0.0,20230918,99991231
55,01,46925,0.0,0.0,0.0,0.0,20230918,99991231
55,01,46975,0.0,0.0,0.0,0.0,20230918,99991231
55,01,47025,0.0,0.0,0.0,0.0,20230918,99991231
55,01,48000,0.0,0.0,0.0,0.0,20230918,99991231
55,01,48150,0.0,0.0,0.0,0.0,20230918,99991231
55,01,48175,0.0,0.0,0.0,0.0,20230918,99991231
55,01,48200,0.0,0.0,0.0,0.0,20230918,99991231
55,01,48225,0.0,0.0,0.0,0.0,20230918,99991231
55,01,48250,0.0,0.0,0.0,0.0,20230918,99991231
55,01,48350,0.0,0.0,0.0,0.0,20230918,99991231
55,01,48400,0.0,0.0,0.0,0.0,20230918,99991231
55,01,48425,0.0,0.0,0.0,0.0,20230918,99991231
55,01,48462,0.0,0.0,0.0,0.0,20230918,99991231
55,01,48500,0.0,0.0,0.0,0.0,20230918,99991231
55,01,48525,0.0,0.0,0.0,0.0,20230918,99991231
55,01,48575,0.0,0.0,0.0,0.0,20230918,99991231
55,01,48725,0.0,0.0,0.0,0.0,20230918,99991231
55,01,48750,0.0,0.0,0.0,0.0,20230918,99991231
55,01,48775,0.0,0.0,0.0,0.0,20230918,99991231
55,01,48825,0.0,0.0,0.0,0.0,20230918,99991231
55,01,48875,0.0,0.0,0.0,0.0,20230918,99991231
55,01,48900,0.0,0.0,0.0,0.0,20230918,99991231
55,01,48925,0.0,0.0,0.0,0.0,20230918,99991231
55,01,48950,0.0,0.0,0.0,0.0,20230918,99991231
55,01,49000,0.0,0.0,0.0,0.0,20230918,99991231
55,01,49075,0.0,0.0,0.0,0.0,20230918,99991231
55,01,49100,0.0,0.0,0.0,0.0,20230918,99991231
55,01,49150,0.0,0.0,0.0,0.0,20230918,99991231
55,01,49200,0.0,0.0,0.0,0.0,20230918,99991231
55,01,49250,0.0,0.0,0.0,0.0,20230918,99991231
55,01,49275,0.0,0.0,0.0,0.0,20230918,99991231
55,01,49300,0.0,0.0,0.0,0.0,20230918,99991231
55,01,49350,0.0,0.0,0.0,0.0,20230918,99991231
55,01,49375,0.0,0.0,0.0,0.0,20230918,99991231
55,01,49400,0.0,0.0,0.0,0.0,20230918,99991231
55,01,49425,0.0,0.0,0.0,0.0,20230918,99991231
55,01,49450,0.0,0.0,0.0,0.0,20230918,99991231
55,01,49500,0.0,0.0,0.0,0.0,20230918,99991231
55,01,49525,0.0,0.0,0.0,0.0,20230918,99991231
55,01,49575,0.0,0.0,0.0,0.0,20230918,99991231
55,01,49600,0.0,0.0,0.0,0.0,20230918,99991231
55,01,49625,0.0,0.0,0.0,0.0,20230918,99991231
55,01,49650,0.0,0.0,0.0,0.0,20230918,99991231
55,01,49675,0.0,0.0,0.0,0.0,20230918,99991231
55,01,49700,0.0,0.0,0.0,0.0,20230918,99991231
55,01,49775,0.0,0.0,0.0,0.0,20230918,99991231
55,01,49900,0.0,0.0,0.0,0.0,20230918,99991231
55,01,49925,0.0,0.0,0.0,0.0,20230918,99991231
55,01,49975,0.0,0.0,0.0,0.0,20230918,99991231
55,01,50000,0.0,0.0,0.0,0.0,20230918,99991231
55,01,50025,0.0,0.0,0.0,0.0,20230918,99991231
55,01,50075,0.0,0.0,0.0,0.0,20230918,99991231
55,01,50175,0.0,0.0,0.0,0.0,20230918,99991231
55,01,50200,0.0,0.0,0.0,0.0,20230918,99991231
55,01,50225,0.0,0.0,0.0,0.0,20230918,99991231
55,01,50250,0.0,0.0,0.0,0.0,20230918,99991231
55,01,50275,0.0,0.0,0.0,0.0,20230918,99991231
55,01,50300,0.0,0.0,0.0,0.0,20230918,99991231
55,01,50350,0.0,0.0,0.0,0.0,20230918,99991231
55,01,50400,0.0,0.0,0.0,0.0,20230918,99991231
55,01,50425,0.0,0.0,0.0,0.0,20230918,99991231
55,01,50450,0.0,0.0,0.0,0.0,20230918,99991231
55,01,50475,0.0,0.0,0.0,0.0,20230918,99991231
55,01,50625,0.0,0.0,0.0,0.0,20230918,99991231
55,01,50650,0.0,0.0,0.0,0.0,20230918,99991231
55,01,50700,0.0,0.0,0.0,0.0,20230918,99991231
55,01,50750,0.0,0.0,0.0,0.0,20230918,99991231
55,01,50775,0.0,0.0,0.0,0.0,20230918,99991231
55,01,50800,0.0,0.0,0.0,0.0,20230918,99991231
55,01,50825,0.0,0.0,0.0,0.0,20230918,99991231
55,01,50975,0.0,0.0,0.0,0.0,20230918,99991231
55,01,51000,0.0,0.0,0.0,0.0,20230918,99991231
55,01,51025,0.0,0.0,0.0,0.0,20230918,99991231
55,01,51050,0.0,0.0,0.0,0.0,20230918,99991231
55,01,51125,0.0,0.0,0.0,0.0,20230918,99991231
55,01,51150,0.0,0.0,0.0,0.0,20230918,99991231
55,01,51200,0.0,0.0,0.0,0.0,20230918,99991231
55,01,51250,0.0,0.0,0.0,0.0,20230918,99991231
55,01,51275,0.0,0.0,0.0,0.0,20230918,99991231
55,01,51300,0.0,0.0,0.0,0.0,20230918,99991231
55,01,51325,0.0,0.0,0.0,0.0,20230918,99991231
55,01,51350,0.0,0.0,0.0,0.0,20230918,99991231
55,01,51375,0.0,0.0,0.0,0.0,20230918,99991231
55,01,51400,0.0,0.0,0.0,0.0,20230918,99991231
55,01,51425,0.0,0.0,0.0,0.0,20230918,99991231
55,01,51450,0.0,0.0,0.0,0.0,20230918,99991231
55,01,51537,0.0,0.0,0.0,0.0,20230918,99991231
55,01,51575,0.0,0.0,0.0,0.0,20230918,99991231
55,01,51600,0.0,0.0,0.0,0.0,20230918,99991231
55,01,51725,0.0,0.0,0.0,0.0,20230918,99991231
55,01,51850,0.0,0.0,0.0,0.0,20230918,99991231
55,01,51875,0.0,0.0,0.0,0.0,20230918,99991231
55,01,51900,0.0,0.0,0.0,0.0,20230918,99991231
55,01,52050,0.0,0.0,0.0,0.0,20230918,99991231
55,01,52075,0.0,0.0,0.0,0.0,20230918,99991231
55,01,52100,0.0,0.0,0.0,0.0,20230918,99991231
55,01,52150,0.0,0.0,0.0,0.0,20230918,99991231
55,01,52175,0.0,0.0,0.0,0.0,20230918,99991231
55,01,52200,0.0,0.0,0.0,0.0,20230918,99991231
55,01,52225,0.0,0.0,0.0,0.0,20230918,99991231
55,01,53000,0.0,0.0,0.0,0.0,20230918,20231231
55,01,53000,0.02,0.02,0.02,0.02,20240101,99991231
55,01,53100,0.0,0.0,0.0,0.0,20230918,99991231
55,01,53125,0.0,0.0,0.0,0.0,20230918,99991231
55,01,53225,0.0,0.0,0.0,0.0,20230918,20260630
55,01,53250,0.0,0.0,0.0,0.0,20230918,99991231
55,01,53275,0.0,0.0,0.0,0.0,20230918,99991231
55,01,53325,0.0,0.0,0.0,0.0,20230918,99991231
55,01,53350,0.0,0.0,0.0,0.0,20230918,99991231
55,01,53375,0.0,0.0,0.0,0.0,20230918,99991231
55,01,53450,0.0,0.0,0.0,0.0,20230918,99991231
55,01,53550,0.0,0.0,0.0,0.0,20230918,99991231
55,01,53600,0.0,0.0,0.0,0.0,20230918,99991231
55,01,53625,0.0,0.0,0.0,0.0,20230918,99991231
55,01,53662,0.0,0.0,0.0,0.0,20230918,99991231
55,01,53675,0.0,0.0,0.0,0.0,20230918,99991231
55,01,53725,0.0,0.0,0.0,0.0,20230918,99991231
55,01,53750,0.0,0.0,0.0,0.0,20230918,99991231
55,01,53775,0.0,0.0,0.0,0.0,20230918,99991231
55,01,53850,0.0,0.0,0.0,0.0,20230918,99991231
55,01,53875,0.0,0.0,0.0,0.0,20230918,99991231
55,01,53900,0.0,0.0,0.0,0.0,20230918,99991231
55,01,53950,0.0,0.0,0.0,0.0,20230918,99991231
55,01,54000,0.0,0.0,0.0,0.0,20230918,99991231
55,01,54025,0.0,0.0,0.0,0.0,20230918,99991231
55,01,54050,0.0,0.0,0.0,0.0,20230918,99991231
55,01,54075,0.0,0.0,0.0,0.0,20230918,99991231
55,01,54100,0.0,0.0,0.0,0.0,20230918,99991231
55,01,54200,0.0,0.0,0.0,0.0,20230918,99991231
55,01,54250,0.0,0.0,0.0,0.0,20230918,99991231
55,01,54300,0.0,0.0,0.0,0.0,20230918,99991231
55,01,54400,0.0,0.0,0.0,0.0,20230918,99991231
55,01,54425,0.0,0.0,0.0,0.0,20230918,99991231
55,01,54475,0.0,0.0,0.0,0.0,20230918,99991231
55,01,54500,0.0,0.0,0.0,0.0,20230918,99991231
55,01,54525,0.0,0.0,0.0,0.0,20230918,99991231
55,01,54600,0.0,0.0,0.0,0.0,20230918,99991231
55,01,54630,0.0,0.0,0.0,0.0,20230918,99991231
55,01,54650,0.0,0.0,0.0,0.0,20230918,99991231
55,01,54675,0.0,0.0,0.0,0.0,20230918,99991231
55,01,54700,0.0,0.0,0.0,0.0,20230918,99991231
55,01,54725,0.0,0.0,0.0,0.0,20230918,99991231
55,01,54775,0.0,0.0,0.0,0.0,20230918,99991231
55,01,54825,0.0,0.0,0.0,0.0,20230918,99991231
55,01,54850,0.0,0.0,0.0,0.0,20230918,99991231
55,01,54875,0.0,0.0,0.0,0.0,20230918,99991231
55,01,54900,0.0,0.0,0.0,0.0,20230918,99991231
55,01,55025,0.0,0.0,0.0,0.0,20230918,99991231
55,01,55050,0.0,0.0,0.0,0.0,20230918,99991231
55,01,55075,0.0,0.0,0.0,0.0,20230918,99991231
55,01,55175,0.0,0.0,0.0,0.0,20230918,99991231
55,01,55200,0.0,0.0,0.0,0.0,20230918,99991231
55,01,55225,0.0,0.0,0.0,0.0,20230918,99991231
55,01,55275,0.0,0.0,0.0,0.0,20230918,99991231
55,01,55375,0.0,0.0,0.0,0.0,20230918,99991231
55,01,55450,0.0,0.0,0.0,0.0,20230918,99991231
55,01,55500,0.0,0.0,0.0,0.0,20230918,99991231
55,01,55550,0.0,0.0,0.0,0.0,20230918,99991231
55,01,55575,0.0,0.0,0.0,0.0,20230918,99991231
55,01,55675,0.0,0.0,0.0,0.0,20230918,99991231
55,01,55700,0.0,0.0,0.0,0.0,20230918,99991231
55,01,55725,0.0,0.0,0.0,0.0,20230918,99991231
55,01,55750,0.0,0.0,0.0,0.0,20230918,99991231
55,01,55775,0.0,0.0,0.0,0.0,20230918,99991231
55,01,55800,0.0,0.0,0.0,0.0,20230918,99991231
55,01,55850,0.0,0.0,0.0,0.0,20230918,99991231
55,01,55875,0.0,0.0,0.0,0.0,20230918,99991231
55,01,55950,0.0,0.0,0.0,0.0,20230918,99991231
55,01,55975,0.0,0.0,0.0,0.0,20230918,99991231
55,01,56000,0.0,0.0,0.0,0.0,20230918,99991231
55,01,56075,0.0,0.0,0.0,0.0,20230918,99991231
55,01,56100,0.0,0.0,0.0,0.0,20230918,99991231
55,01,56125,0.0,0.0,0.0,0.0,20230918,99991231
55,01,56150,0.0,0.0,0.0,0.0,20230918,99991231
55,01,56200,0.0,0.0,0.0,0.0,20230918,99991231
55,01,56325,0.0,0.0,0.0,0.0,20230918,99991231
55,01,56350,0.0,0.0,0.0,0.0,20230918,99991231
55,01,56375,0.0,0.0,0.0,0.0,20230918,99991231
55,01,56425,0.0,0.0,0.0,0.0,20230918,99991231
55,01,56450,0.0,0.0,0.0,0.0,20230918,99991231
55,01,56525,0.0,0.0,0.0,0.0,20230918,99991231
55,01,56575,0.0,0.0,0.0,0.0,20230918,99991231
55,01,56625,0.0,0.0,0.0,0.0,20230918,99991231
55,01,56700,0.0,0.0,0.0,0.0,20230918,99991231
55,01,56725,0.0,0.0,0.0,0.0,20230918,99991231
55,01,56750,0.0,0.0,0.0,0.0,20230918,99991231
55,01,56775,0.0,0.0,0.0,0.0,20230918,99991231
55,01,56800,0.0,0.0,0.0,0.0,20230918,99991231
55,01,56825,0.0,0.0,0.0,0.0,20230918,99991231
55,01,56850,0.0,0.0,0.0,0.0,20230918,99991231
55,01,56900,0.0,0.0,0.0,0.0,20230918,99991231
55,01,56925,0.0,0.0,0.0,0.0,20230918,99991231
55,01,56950,0.0,0.0,0.0,0.0,20230918,99991231
55,01,57025,0.0,0.0,0.0,0.0,20230918,99991231
55,01,57100,0.0,0.0,0.0,0.0,20230918,99991231
55,01,57200,0.0,0.0,0.0,0.0,20230918,99991231
55,01,57225,0.0,0.0,0.0,0.0,20230918,99991231
55,01,57325,0.0,0.0,0.0,0.0,20230918,99991231
55,01,57350,0.0,0.0,0.0,0.0,20230918,99991231
55,01,57375,0.0,0.0,0.0,0.0,20230918,99991231
55,01,57450,0.0,0.0,0.0,0.0,20230918,99991231
55,01,57600,0.0,0.0,0.0,0.0,20230918,99991231
55,01,57700,0.0,0.0,0.0,0.0,20230918,99991231
55,01,57775,0.0,0.0,0.0,0.0,20230918,99991231
55,01,57975,0.0,0.0,0.0,0.0,20230918,99991231
55,01,58000,0.0,0.0,0.0,0.0,20230918,99991231
55,01,58025,0.0,0.0,0.0,0.0,20230918,99991231
55,01,58050,0.0,0.0,0.0,0.0,20230918,99991231
55,01,58125,0.0,0.0,0.0,0.0,20230918,99991231
55,01,58400,0.0,0.0,0.0,0.0,20230918,99991231
55,01,58575,0.0,0.0,0.0,0.0,20230918,99991231
55,01,58600,0.0,0.0,0.0,0.0,20230918,99991231
55,01,58700,0.0,0.0,0.0,0.0,20230918,99991231
55,01,58800,0.0,0.0,0.0,0.0,20230918,99991231
55,01,58850,0.0,0.0,0.0,0.0,20230918,99991231
55,01,58875,0.0,0.0,0.0,0.0,20230918,99991231
55,01,58900,0.0,0.0,0.0,0.0,20230918,99991231
55,01,58925,0.0,0.0,0.0,0.0,20230918,99991231
55,01,58950,0.0,0.0,0.0,0.0,20230918,99991231
55,01,59000,0.0,0.0,0.0,0.0,20230918,99991231
55,01,59025,0.0,0.0,0.0,0.0,20230918,99991231
55,01,59075,0.0,0.0,0.0,0.0,20230918,99991231
55,01,59100,0.0,0.0,0.0,0.0,20230918,99991231
55,01,59125,0.0,0.0,0.0,0.0,20230918,99991231
55,01,59225,0.0,0.0,0.0,0.0,20230918,99991231
55,01,59250,0.0,0.0,0.0,0.0,20230918,99991231
55,01,59275,0.0,0.0,0.0,0.0,20230918,99991231
55,01,59300,0.0,0.0,0.0,0.0,20230918,99991231
55,01,59350,0.0,0.0,0.0,0.0,20230918,99991231
55,01,59375,0.0,0.0,0.0,0.0,20230918,99991231
55,01,59400,0.0,0.0,0.0,0.0,20230918,99991231
55,01,59425,0.0,0.0,0.0,0.0,20230918,99991231
55,01,59475,0.0,0.0,0.0,0.0,20230918,99991231
55,01,59525,0.0,0.0,0.0,0.0,20230918,99991231
55,01,59600,0.0,0.0,0.0,0.0,20230918,99991231
55,01,59800,0.0,0.0,0.0,0.0,20230918,99991231
55,01,59850,0.0,0.0,0.0,0.0,20230918,99991231
55,01,59875,0.0,0.0,0.0,0.0,20230918,99991231
55,01,59900,0.0,0.0,0.0,0.0,20230918,99991231
55,01,59925,0.0,0.0,0.0,0.0,20230918,99991231
55,01,59950,0.0,0.0,0.0,0.0,20230918,99991231
55,01,60000,0.0,0.0,0.0,0.0,20230918,99991231
55,01,60075,0.0,0.0,0.0,0.0,20230918,99991231
55,01,60100,0.0,0.0,0.0,0.0,20230918,99991231
55,01,60150,0.0,0.0,0.0,0.0,20230918,99991231
55,01,60200,0.0,0.0,0.0,0.0,20230918,99991231
55,01,60225,0.0,0.0,0.0,0.0,20230918,99991231
55,01,60250,0.0,0.0,0.0,0.0,20230918,99991231
55,01,60275,0.0,0.0,0.0,0.0,20230918,99991231
55,01,60350,0.0,0.0,0.0,0.0,20230918,99991231
55,01,60400,0.0,0.0,0.0,0.0,20230918,99991231
55,01,60425,0.0,0.0,0.0,0.0,20230918,99991231
55,01,60450,0.0,0.0,0.0,0.0,20230918,99991231
55,01,60475,0.0,0.0,0.0,0.0,20230918,99991231
55,01,60500,0.0,0.0,0.0,0.0,20230918,99991231
55,01,60525,0.0,0.0,0.0,0.0,20230918,99991231
55,01,60575,0.0,0.0,0.0,0.0,20230918,99991231
55,01,60687,0.0,0.0,0.0,0.0,20230918,99991231
55,01,60700,0.0,0.0,0.0,0.0,20230918,99991231
55,01,60725,0.0,0.0,0.0,0.0,20230918,99991231
55,01,60750,0.0,0.0,0.0,0.0,20230918,99991231
55,01,60775,0.0,0.0,0.0,0.0,20230918,99991231
55,01,60825,0.0,0.0,0.0,0.0,20230918,99991231
55,01,60875,0.0,0.0,0.0,0.0,20230918,99991231
55,01,60900,0.0,0.0,0.0,0.0,20230918,99991231
55,01,60925,0.0,0.0,0.0,0.0,20230918,99991231
55,01,60962,0.0,0.0,0.0,0.0,20230918,99991231
55,01,60975,0.0,0.0,0.0,0.0,20230918,99991231
55,01,61025,0.0,0.0,0.0,0.0,20230918,99991231
55,01,61050,0.0,0.0,0.0,0.0,20230918,99991231
55,01,61100,0.0,0.0,0.0,0.0,20230918,99991231
55,01,61150,0.0,0.0,0.0,0.0,20230918,99991231
55,01,61175,0.0,0.0,0.0,0.0,20230918,99991231
55,01,61200,0.0,0.0,0.0,0.0,20230918,99991231
55,01,61250,0.0,0.0,0.0,0.0,20230918,99991231
55,01,61325,0.0,0.0,0.0,0.0,20230918,99991231
55,01,61375,0.0,0.0,0.0,0.0,20230918,99991231
55,01,61425,0.0,0.0,0.0,0.0,20230918,99991231
55,01,61450,0.0,0.0,0.0,0.0,20230918,99991231
55,01,61525,0.0,0.0,0.0,0.0,20230918,99991231
55,01,61600,0.0,0.0,0.0,0.0,20230918,99991231
55,01,61625,0.0,0.0,0.0,0.0,20230918,99991231
55,01,61700,0.0,0.0,0.0,0.0,20230918,99991231
55,01,61775,0.0,0.0,0.0,0.0,20230918,99991231
55,01,61825,0.0,0.0,0.0,0.0,20230918,99991231
55,01,61900,0.0,0.0,0.0,0.0,20230918,99991231
55,01,61925,0.0,0.0,0.0,0.0,20230918,99991231
55,01,61950,0.0,0.0,0.0,0.0,20230918,99991231
55,01,62050,0.0,0.0,0.0,0.0,20230918,99991231
55,01,62100,0.0,0.0,0.0,0.0,20230918,99991231
55,01,62125,0.0,0.0,0.0,0.0,20230918,99991231
55,01,62175,0.0,0.0,0.0,0.0,20230918,99991231
55,01,62200,0.0,0.0,0.0,0.0,20230918,99991231
55,01,62240,0.0,0.0,0.0,0.0,20230918,99991231
55,01,62250,0.0,0.0,0.0,0.0,20230918,99991231
55,01,62425,0.0,0.0,0.0,0.0,20230918,99991231
55,01,62450,0.0,0.0,0.0,0.0,20230918,99991231
55,01,62600,0.0,0.0,0.0,0.0,20230918,99991231
55,01,62625,0.0,0.0,0.0,0.0,20230918,99991231
55,01,62650,0.0,0.0,0.0,0.0,20230918,99991231
55,01,62675,0.0,0.0,0.0,0.0,20230918,99991231
55,01,62700,0.0,0.0,0.0,0.0,20230918,99991231
55,01,62825,0.0,0.0,0.0,0.0,20230918,99991231
55,01,62925,0.0,0.0,0.0,0.0,20230918,99991231
55,01,62950,0.0,0.0,0.0,0.0,20230918,99991231
55,01,63000,0.0,0.0,0.0,0.0,20230918,99991231
55,01,63075,0.0,0.0,0.0,0.0,20230918,99991231
55,01,63100,0.0,0.0,0.0,0.0,20230918,99991231
55,01,63125,0.0,0.0,0.0,0.0,20230918,99991231
55,01,63150,0.0,0.0,0.0,0.0,20230918,99991231
55,01,63175,0.0,0.0,0.0,0.0,20230918,99991231
55,01,63250,0.0,0.0,0.0,0.0,20230918,99991231
55,01,63275,0.0,0.0,0.0,0.0,20230918,99991231
55,01,63300,0.0,0.0,0.0,0.0,20230918,99991231
55,01,63375,0.0,0.0,0.0,0.0,20230918,99991231
55,01,63400,0.0,0.0,0.0,0.0,20230918,99991231
55,01,63425,0.0,0.0,0.0,0.0,20230918,99991231
55,01,63500,0.0,0.0,0.0,0.0,20230918,99991231
55,01,63525,0.0,0.0,0.0,0.0,20230918,99991231
55,01,63550,0.0,0.0,0.0,0.0,20230918,99991231
55,01,63600,0.0,0.0,0.0,0.0,20230918,99991231
55,01,63625,0.0,0.0,0.0,0.0,20230918,99991231
55,01,63650,0.0,0.0,0.0,0.0,20230918,99991231
55,01,63675,0.0,0.0,0.0,0.0,20230918,99991231
55,01,63700,0.0,0.0,0.0,0.0,20230918,99991231
55,01,63725,0.0,0.0,0.0,0.0,20230918,99991231
55,01,63825,0.0,0.0,0.0,0.0,20230918,99991231
55,01,63875,0.0,0.0,0.0,0.0,20230918,99991231
55,01,63975,0.0,0.0,0.0,0.0,20230918,99991231
55,01,64050,0.0,0.0,0.0,0.0,20230918,99991231
55,01,64100,0.0,0.0,0.0,0.0,20230918,99991231
55,01,64175,0.0,0.0,0.0,0.0,20230918,99991231
55,01,64200,0.0,0.0,0.0,0.0,20230918,99991231
55,01,64225,0.0,0.0,0.0,0.0,20230918,99991231
55,01,64275,0.0,0.0,0.0,0.0,20230918,99991231
55,01,64375,0.0,0.0,0.0,0.0,20230918,99991231
55,01,64425,0.0,0.0,0.0,0.0,20230918,99991231
55,01,64450,0.0,0.0,0.0,0.0,20230918,99991231
55,01,64475,0.0,0.0,0.0,0.0,20230918,99991231
55,01,64512,0.0,0.0,0.0,0.0,20230918,99991231
55,01,64625,0.0,0.0,0.0,0.0,20230918,99991231
55,01,64650,0.0,0.0,0.0,0.0,20230918,99991231
55,01,64675,0.0,0.0,0.0,0.0,20230918,99991231
55,01,64750,0.0,0.0,0.0,0.0,20230918,99991231
55,01,64775,0.0,0.0,0.0,0.0,20230918,99991231
55,01,64875,0.0,0.0,0.0,0.0,20230918,99991231
55,01,64900,0.0,0.0,0.0,0.0,20230918,99991231
55,01,64975,0.0,0.0,0.0,0.0,20230918,99991231
55,01,65050,0.0,0.0,0.0,0.0,20230918,99991231
55,01,65075,0.0,0.0,0.0,0.0,20230918,99991231
55,01,65100,0.0,0.0,0.0,0.0,20230918,99991231
55,01,65125,0.0,0.0,0.0,0.0,20230918,99991231
55,01,65150,0.0,0.0,0.0,0.0,20230918,99991231
55,01,65175,0.0,0.0,0.0,0.0,20230918,99991231
55,01,65200,0.0,0.0,0.0,0.0,20230918,99991231
55,01,65325,0.0,0.0,0.0,0.0,20230918,99991231
55,01,65350,0.0,0.0,0.0,0.0,20230918,99991231
55,01,65375,0.0,0.0,0.0,0.0,20230918,99991231
55,01,65425,0.0,0.0,0.0,0.0,20230918,99991231
55,01,65450,0.0,0.0,0.0,0.0,20230918,99991231
55,01,65500,0.0,0.0,0.0,0.0,20230918,99991231
55,01,65550,0.0,0.0,0.0,0.0,20230918,99991231
55,01,65575,0.0,0.0,0.0,0.0,20230918,99991231
55,01,65600,0.0,0.0,0.0,0.0,20230918,99991231
55,01,65625,0.0,0.0,0.0,0.0,20230918,99991231
55,01,65675,0.0,0.0,0.0,0.0,20230918,99991231
55,01,65700,0.0,0.0,0.0,0.0,20230918,99991231
55,01,65825,0.0,0.0,0.0,0.0,20230918,99991231
55,01,66000,0.0,0.0,0.0,0.0,20230918,99991231
55,01,66050,0.0,0.0,0.0,0.0,20230918,99991231
55,01,66075,0.0,0.0,0.0,0.0,20230918,99991231
55,01,66125,0.0,0.0,0.0,0.0,20230918,99991231
55,01,66150,0.0,0.0,0.0,0.0,20230918,99991231
55,01,66175,0.0,0.0,0.0,0.0,20230918,99991231
55,01,66200,0.0,0.0,0.0,0.0,20230918,99991231
55,01,66275,0.0,0.0,0.0,0.0,20230918,99991231
55,01,66350,0.0,0.0,0.0,0.0,20230918,99991231
55,01,66450,0.0,0.0,0.0,0.0,20230918,99991231
55,01,66550,0.0,0.0,0.0,0.0,20230918,99991231
55,01,66625,0.0,0.0,0.0,0.0,20230918,99991231
55,01,66700,0.0,0.0,0.0,0.0,20230918,99991231
55,01,66750,0.0,0.0,0.0,0.0,20230918,99991231
55,01,66800,0.0,0.0,0.0,0.0,20230918,99991231
55,01,66825,0.0,0.0,0.0,0.0,20230918,99991231
55,01,66875,0.0,0.0,0.0,0.0,20230918,99991231
55,01,66900,0.0,0.0,0.0,0.0,20230918,99991231
55,01,66950,0.0,0.0,0.0,0.0,20230918,99991231
55,01,67000,0.0,0.0,0.0,0.0,20230918,99991231
55,01,67025,0.0,0.0,0.0,0.0,20230918,99991231
55,01,67100,0.0,0.0,0.0,0.0,20230918,99991231
55,01,67150,0.0,0.0,0.0,0.0,20230918,99991231
55,01,67200,0.0,0.0,0.0,0.0,20230918,99991231
55,01,67250,0.0,0.0,0.0,0.0,20230918,99991231
55,01,67275,0.0,0.0,0.0,0.0,20230918,99991231
55,01,67300,0.0,0.0,0.0,0.0,20230918,99991231
55,01,67320,0.0,0.0,0.0,0.0,20250401,99991231
55,01,67325,0.0,0.0,0.0,0.0,20230918,20250331
55,01,67350,0.0,0.0,0.0,0.0,20230918,99991231
55,01,67375,0.0,0.0,0.0,0.0,20230918,99991231
55,01,67425,0.0,0.0,0.0,0.0,20230918,99991231
55,01,67475,0.0,0.0,0.0,0.0,20230918,99991231
55,01,67500,0.0,0.0,0.0,0.0,20230918,99991231
55,01,67550,0.0,0.0,0.0,0.0,20230918,99991231
55,01,67575,0.0,0.0,0.0,0.0,20230918,99991231
55,01,67600,0.0,0.0,0.0,0.0,20230918,99991231
55,01,67625,0.0,0.0,0.0,0.0,20230918,99991231
55,01,67650,0.0,0.0,0.0,0.0,20230918,99991231
55,01,67675,0.0,0.0,0.0,0.0,20230918,99991231
55,01,67725,0.0,0.0,0.0,0.0,20230918,99991231
55,01,67775,0.0,0.0,0.0,0.0,20230918,99991231
55,01,67800,0.0,0.0,0.0,0.0,20230918,99991231
55,01,67850,0.0,0.0,0.0,0.0,20230918,99991231
55,01,67875,0.0,0.0,0.0,0.0,20230918,99991231
55,01,67900,0.0,0.0,0.0,0.0,20230918,99991231
55,01,67950,0.0,0.0,0.0,0.0,20230918,99991231
55,01,68075,0.0,0.0,0.0,0.0,20230918,99991231
55,01,68100,0.0,0.0,0.0,0.0,20230918,99991231
55,01,68175,0.0,0.0,0.0,0.0,20230918,99991231
55,01,68200,0.0,0.0,0.0,0.0,20230918,99991231
55,01,68275,0.0,0.0,0.0,0.0,20230918,99991231
55,01,68300,0.0,0.0,0.0,0.0,20230918,99991231
55,01,68325,0.0,0.0,0.0,0.0,20230918,99991231
55,01,68400,0.0,0.0,0.0,0.0,20230918,99991231
55,01,68475,0.0,0.0,0.0,0.0,20230918,99991231
55,01,68550,0.0,0.0,0.0,0.0,20230918,99991231
55,01,68600,0.0,0.0,0.0,0.0,20230918,99991231
55,01,68625,0.0,0.0,0.0,0.0,20230918,99991231
55,01,68675,0.0,0.0,0.0,0.0,20230918,99991231
55,01,68700,0.0,0.0,0.0,0.0,20230918,99991231
55,01,68725,0.0,0.0,0.0,0.0,20230918,99991231
55,01,68775,0.0,0.0,0.0,0.0,20230918,99991231
55,01,68825,0.0,0.0,0.0,0.0,20230918,99991231
55,01,68875,0.0,0.0,0.0,0.0,20230918,99991231
55,01,68900,0.0,0.0,0.0,0.0,20230918,99991231
55,01,68925,0.0,0.0,0.0,0.0,20230918,99991231
55,01,68975,0.0,0.0,0.0,0.0,20230918,99991231
55,01,69175,0.0,0.0,0.0,0.0,20230918,99991231
55,01,69275,0.0,0.0,0.0,0.0,20230918,99991231
55,01,69325,0.0,0.0,0.0,0.0,20230918,99991231
55,01,69400,0.0,0.0,0.0,0.0,20230918,99991231
55,01,69425,0.0,0.0,0.0,0.0,20230918,99991231
55,01,69525,0.0,0.0,0.0,0.0,20230918,99991231
55,01,69550,0.0,0.0,0.0,0.0,20230918,99991231
55,01,69575,0.0,0.0,0.0,0.0,20230918,99991231
55,01,69625,0.0,0.0,0.0,0.0,20230918,99991231
55,01,69725,0.0,0.0,0.0,0.0,20230918,99991231
55,01,69750,0.0,0.0,0.0,0.0,20230918,99991231
55,01,69850,0.0,0.0,0.0,0.0,20230918,99991231
55,01,69900,0.0,0.0,0.0,0.0,20230918,99991231
55,01,69962,0.0,0.0,0.0,0.0,20230918,99991231
55,01,69975,0.0,0.0,0.0,0.0,20230918,99991231
55,01,70000,0.0,0.0,0.0,0.0,20230918,99991231
55,01,70025,0.0,0.0,0.0,0.0,20230918,99991231
55,01,70125,0.0,0.0,0.0,0.0,20230918,99991231
55,01,70200,0.0,0.0,0.0,0.0,20230918,99991231
55,01,70225,0.0,0.0,0.0,0.0,20230918,99991231
55,01,70275,0.0,0.0,0.0,0.0,20230918,99991231
55,01,70300,0.0,0.0,0.0,0.0,20230918,99991231
55,01,70325,0.0,0.0,0.0,0.0,20230918,99991231
55,01,70350,0.0,0.0,0.0,0.0,20230918,99991231
55,01,70400,0.0,0.0,0.0,0.0,20230918,99991231
55,01,70500,0.0,0.0,0.0,0.0,20230918,99991231
55,01,70550,0.0,0.0,0.0,0.0,20230918,99991231
55,01,70575,0.0,0.0,0.0,0.0,20230918,99991231
55,01,70650,0.0,0.0,0.0,0.0,20230918,99991231
55,01,70725,0.0,0.0,0.0,0.0,20230918,99991231
55,01,70825,0.0,0.0,0.0,0.0,20230918,99991231
55,01,70900,0.0,0.0,0.0,0.0,20230918,99991231
55,01,70925,0.0,0.0,0.0,0.0,20230918,99991231
55,01,71025,0.0,0.0,0.0,0.0,20230918,99991231
55,01,71150,0.0,0.0,0.0,0.0,20230918,99991231
55,01,71163,0.0,0.0,0.0,0.0,20230918,99991231
55,01,71275,0.0,0.0,0.0,0.0,20230918,99991231
55,01,71350,0.0,0.0,0.0,0.0,20230918,99991231
55,01,71425,0.0,0.0,0.0,0.0,20230918,99991231
55,01,71450,0.0,0.0,0.0,0.0,20230918,99991231
55,01,71500,0.0,0.0,0.0,0.0,20230918,99991231
55,01,71600,0.0,0.0,0.0,0.0,20230918,99991231
55,01,71637,0.0,0.0,0.0,0.0,20230918,99991231
55,01,71650,0.0,0.0,0.0,0.0,20230918,99991231
55,01,71700,0.0,0.0,0.0,0.0,20230918,99991231
55,01,71725,0.0,0.0,0.0,0.0,20230918,99991231
55,01,71825,0.0,0.0,0.0,0.0,20230918,99991231
55,01,71875,0.0,0.0,0.0,0.0,20230918,99991231
55,01,71975,0.0,0.0,0.0,0.0,20230918,99991231
55,01,72000,0.0,0.0,0.0,0.0,20230918,99991231
55,01,72075,0.0,0.0,0.0,0.0,20230918,99991231
55,01,72100,0.0,0.0,0.0,0.0,20230918,99991231
55,01,72125,0.0,0.0,0.0,0.0,20230918,99991231
55,01,72150,0.0,0.0,0.0,0.0,20230918,99991231
55,01,72200,0.0,0.0,0.0,0.0,20230918,99991231
55,01,72225,0.0,0.0,0.0,0.0,20230918,99991231
55,01,72250,0.0,0.0,0.0,0.0,20230918,99991231
55,01,72275,0.0,0.0,0.0,0.0,20230918,99991231
55,01,72300,0.0,0.0,0.0,0.0,20230918,99991231
55,01,72325,0.0,0.0,0.0,0.0,20230918,99991231
55,01,72350,0.0,0.0,0.0,0.0,20230918,99991231
55,01,72450,0.0,0.0,0.0,0.0,20230918,99991231
55,01,72500,0.0,0.0,0.0,0.0,20230918,99991231
55,01,72525,0.0,0.0,0.0,0.0,20230918,99991231
55,01,72550,0.0,0.0,0.0,0.0,20230918,99991231
55,01,72575,0.0,0.0,0.0,0.0,20230918,99991231
55,01,72600,0.0,0.0,0.0,0.0,20230918,99991231
55,01,72625,0.0,0.0,0.0,0.0,20230918,99991231
55,01,72675,0.0,0.0,0.0,0.0,20230918,99991231
55,01,72700,0.0,0.0,0.0,0.0,20230918,99991231
55,01,72725,0.0,0.0,0.0,0.0,20230918,99991231
55,01,72750,0.0,0.0,0.0,0.0,20230918,99991231
55,01,72825,0.0,0.0,0.0,0.0,20230918,99991231
55,01,72850,0.0,0.0,0.0,0.0,20230918,99991231
55,01,72875,0.0,0.0,0.0,0.0,20230918,99991231
55,01,72900,0.0,0.0,0.0,0.0,20230918,99991231
55,01,72925,0.0,0.0,0.0,0.0,20230918,99991231
55,01,72975,0.0,0.0,0.0,0.0,20230918,99991231
55,01,73000,0.0,0.0,0.0,0.0,20230918,99991231
55,01,73025,0.0,0.0,0.0,0.0,20230918,99991231
55,01,73050,0.0,0.0,0.0,0.0,20230918,99991231
55,01,73125,0.0,0.0,0.0,0.0,20230918,99991231
55,01,73150,0.0,0.0,0.0,0.0,20230918,99991231
55,01,73175,0.0,0.0,0.0,0.0,20230918,99991231
55,01,73200,0.0,0.0,0.0,0.0,20230918,99991231
55,01,73300,0.0,0.0,0.0,0.0,20230918,99991231
55,01,73350,0.0,0.0,0.0,0.0,20230918,99991231
55,01,73375,0.0,0.0,0.0,0.0,20230918,99991231
55,01,73400,0.0,0.0,0.0,0.0,20230918,99991231
55,01,73425,0.0,0.0,0.0,0.0,20230918,99991231
55,01,73475,0.0,0.0,0.0,0.0,20230918,99991231
55,01,73525,0.0,0.0,0.0,0.0,20230918,99991231
55,01,73550,0.0,0.0,0.0,0.0,20230918,99991231
55,01,73575,0.0,0.0,0.0,0.0,20230918,99991231
55,01,73600,0.0,0.0,0.0,0.0,20230918,99991231
55,01,73625,0.0,0.0,0.0,0.0,20230918,99991231
55,01,73725,0.0,0.0,0.0,0.0,20230918,99991231
55,01,73750,0.0,0.0,0.0,0.0,20230918,99991231
55,01,73825,0.0,0.0,0.0,0.0,20230918,99991231
55,01,73850,0.0,0.0,0.0,0.0,20230918,99991231
55,01,73875,0.0,0.0,0.0,0.0,20230918,99991231
55,01,73900,0.0,0.0,0.0,0.0,20230918,99991231
55,01,73975,0.0,0.0,0.0,0.0,20230918,99991231
55,01,74125,0.0,0.0,0.0,0.0,20230918,99991231
55,01,74175,0.0,0.0,0.0,0.0,20230918,99991231
55,01,74200,0.0,0.0,0.0,0.0,20230918,99991231
55,01,74225,0.0,0.0,0.0,0.0,20230918,99991231
55,01,74250,0.0,0.0,0.0,0.0,20230918,99991231
55,01,74400,0.0,0.0,0.0,0.0,20230918,99991231
55,01,74450,0.0,0.0,0.0,0.0,20230918,99991231
55,01,74550,0.0,0.0,0.0,0.0,20230918,99991231
55,01,74575,0.0,0.0,0.0,0.0,20230918,99991231
55,01,74600,0.0,0.0,0.0,0.0,20230918,99991231
55,01,74625,0.0,0.0,0.0,0.0,20230918,99991231
55,01,74650,0.0,0.0,0.0,0.0,20230918,99991231
55,01,74675,0.0,0.0,0.0,0.0,20230918,99991231
55,01,74700,0.0,0.0,0.0,0.0,20230918,99991231
55,01,74725,0.0,0.0,0.0,0.0,20230918,99991231
55,01,74975,0.0,0.0,0.0,0.0,20230918,99991231
55,01,75075,0.0,0.0,0.0,0.0,20230918,99991231
55,01,75125,0.0,0.0,0.0,0.0,20230918,99991231
55,01,75275,0.0,0.0,0.0,0.0,20230918,99991231
55,01,75325,0.0,0.0,0.0,0.0,20230918,99991231
55,01,75350,0.0,0.0,0.0,0.0,20230918,99991231
55,01,75400,0.0,0.0,0.0,0.0,20230918,99991231
55,01,75425,0.0,0.0,0.0,0.0,20230918,99991231
55,01,75450,0.0,0.0,0.0,0.0,20230918,99991231
55,01,75525,0.0,0.0,0.0,0.0,20230918,99991231
55,01,75625,0.0,0.0,0.0,0.0,20230918,99991231
55,01,75650,0.0,0.0,0.0,0.0,20230918,99991231
55,01,75750,0.0,0.0,0.0,0.0,20230918,99991231
55,01,75800,0.0,0.0,0.0,0.0,20230918,99991231
55,01,75850,0.0,0.0,0.0,0.0,20230918,99991231
55,01,75875,0.0,0.0,0.0,0.0,20230918,99991231
55,01,75900,0.0,0.0,0.0,0.0,20230918,99991231
55,01,75925,0.0,0.0,0.0,0.0,20230918,99991231
55,01,75950,0.0,0.0,0.0,0.0,20230918,99991231
55,01,76025,0.0,0.0,0.0,0.0,20230918,99991231
55,01,76050,0.0,0.0,0.0,0.0,20230918,99991231
55,01,76075,0.0,0.0,0.0,0.0,20230918,99991231
55,01,76100,0.0,0.0,0.0,0.0,20230918,99991231
55,01,76175,0.0,0.0,0.0,0.0,20230918,99991231
55,01,76225,0.0,0.0,0.0,0.0,20230918,99991231
55,01,76250,0.0,0.0,0.0,0.0,20230918,99991231
55,01,76300,0.0,0.0,0.0,0.0,20230918,99991231
55,01,76325,0.0,0.0,0.0,0.0,20230918,99991231
55,01,76350,0.0,0.0,0.0,0.0,20230918,99991231
55,01,76400,0.0,0.0,0.0,0.0,20230918,99991231
55,01,76450,0.0,0.0,0.0,0.0,20230918,99991231
55,01,76550,0.0,0.0,0.0,0.0,20230918,99991231
55,01,76600,0.0,0.0,0.0,0.0,20230918,99991231
55,01,76625,0.0,0.0,0.0,0.0,20230918,99991231
55,01,76650,0.0,0.0,0.0,0.0,20230918,99991231
55,01,76675,0.0,0.0,0.0,0.0,20230918,99991231
55,01,76725,0.0,0.0,0.0,0.0,20230918,99991231
55,01,76825,0.0,0.0,0.0,0.0,20230918,99991231
55,01,76850,0.0,0.0,0.0,0.0,20230918,99991231
55,01,76975,0.0,0.0,0.0,0.0,20230918,99991231
55,01,77000,0.0,0.0,0.0,0.0,20230918,99991231
55,01,77050,0.0,0.0,0.0,0.0,20230918,99991231
55,01,77075,0.0,0.0,0.0,0.0,20230918,99991231
55,01,77100,0.0,0.0,0.0,0.0,20230918,99991231
55,01,77150,0.0,0.0,0.0,0.0,20230918,99991231
55,01,77175,0.0,0.0,0.0,0.0,20230918,99991231
55,01,77200,0.0,0.0,0.0,0.0,20230918,99991231
55,01,77300,0.0,0.0,0.0,0.0,20230918,99991231
55,01,77350,0.0,0.0,0.0,0.0,20230918,99991231
55,01,77400,0.0,0.0,0.0,0.0,20230918,99991231
55,01,77425,0.0,0.0,0.0,0.0,20230918,99991231
55,01,77475,0.0,0.0,0.0,0.0,20230918,99991231
55,01,77500,0.0,0.0,0.0,0.0,20230918,99991231
55,01,77537,0.0,0.0,0.0,0.0,20230918,99991231
55,01,77550,0.0,0.0,0.0,0.0,20230918,99991231
55,01,77650,0.0,0.0,0.0,0.0,20230918,99991231
55,01,77675,0.0,0.0,0.0,0.0,20230918,99991231
55,01,77750,0.0,0.0,0.0,0.0,20230918,99991231
55,01,77775,0.0,0.0,0.0,0.0,20230918,99991231
55,01,77800,0.0,0.0,0.0,0.0,20230918,99991231
55,01,77825,0.0,0.0,0.0,0.0,20230918,99991231
55,01,77850,0.0,0.0,0.0,0.0,20230918,99991231
55,01,77875,0.0,0.0,0.0,0.0,20230918,20260630
55,01,77900,0.0,0.0,0.0,0.0,20230918,99991231
55,01,77925,0.0,0.0,0.0,0.0,20230918,99991231
55,01,77975,0.0,0.0,0.0,0.0,20230918,99991231
55,01,78075,0.0,0.0,0.0,0.0,20230918,99991231
55,01,78100,0.0,0.0,0.0,0.0,20230918,99991231
55,01,78175,0.0,0.0,0.0,0.0,20230918,99991231
55,01,78200,0.0,0.0,0.0,0.0,20230918,99991231
55,01,78275,0.0,0.0,0.0,0.0,20230918,99991231
55,01,78300,0.0,0.0,0.0,0.0,20230918,99991231
55,01,78325,0.0,0.0,0.0,0.0,20230918,99991231
55,01,78375,0.0,0.0,0.0,0.0,20230918,99991231
55,01,78450,0.0,0.0,0.0,0.0,20230918,99991231
55,01,78475,0.0,0.0,0.0,0.0,20230918,99991231
55,01,78500,0.0,0.0,0.0,0.0,20230918,99991231
55,01,78525,0.0,0.0,0.0,0.0,20230918,99991231
55,01,78600,0.0,0.0,0.0,0.0,20230918,99991231
55,01,78625,0.0,0.0,0.0,0.0,20230918,99991231
55,01,78650,0.0,0.0,0.0,0.0,20230918,99991231
55,01,78660,0.0,0.0,0.0,0.0,20230918,99991231
55,01,78675,0.0,0.0,0.0,0.0,20230918,99991231
55,01,78725,0.0,0.0,0.0,0.0,20230918,99991231
55,01,78750,0.0,0.0,0.0,0.0,20230918,99991231
55,01,78775,0.0,0.0,0.0,0.0,20230918,99991231
55,01,78825,0.0,0.0,0.0,0.0,20230918,99991231
55,01,78875,0.0,0.0,0.0,0.0,20230918,99991231
55,01,78950,0.0,0.0,0.0,0.0,20230918,99991231
55,01,78975,0.0,0.0,0.0,0.0,20230918,99991231
55,01,79125,0.0,0.0,0.0,0.0,20230918,99991231
55,01,79150,0.0,0.0,0.0,0.0,20230918,99991231
55,01,79250,0.0,0.0,0.0,0.0,20230918,99991231
55,01,79350,0.0,0.0,0.0,0.0,20230918,99991231
55,01,79375,0.0,0.0,0.0,0.0,20230918,99991231
55,01,79425,0.0,0.0,0.0,0.0,20230918,99991231
55,01,79475,0.0,0.0,0.0,0.0,20230918,99991231
55,01,79575,0.0,0.0,0.0,0.0,20230918,99991231
55,01,79625,0.0,0.0,0.0,0.0,20230918,99991231
55,01,79650,0.0,0.0,0.0,0.0,20230918,99991231
55,01,79700,0.0,0.0,0.0,0.0,20230918,99991231
55,01,79775,0.0,0.0,0.0,0.0,20230918,99991231
55,01,79825,0.0,0.0,0.0,0.0,20230918,99991231
55,01,79875,0.0,0.0,0.0,0.0,20230918,99991231
55,01,79975,0.0,0.0,0.0,0.0,20230918,99991231
55,01,80075,0.0,0.0,0.0,0.0,20230918,99991231
55,01,80100,0.0,0.0,0.0,0.0,20230918,99991231
55,01,80125,0.0,0.0,0.0,0.0,20230918,99991231
55,01,80150,0.0,0.0,0.0,0.0,20230918,99991231
55,01,80225,0.0,0.0,0.0,0.0,20230918,99991231
55,01,80325,0.0,0.0,0.0,0.0,20230918,99991231
55,01,80375,0.0,0.0,0.0,0.0,20230918,99991231
55,01,80450,0.0,0.0,0.0,0.0,20230918,99991231
55,01,80475,0.0,0.0,0.0,0.0,20230918,99991231
55,01,80500,0.0,0.0,0.0,0.0,20230918,99991231
55,01,80525,0.0,0.0,0.0,0.0,20230918,99991231
55,01,80550,0.0,0.0,0.0,0.0,20230918,99991231
55,01,80575,0.0,0.0,0.0,0.0,20230918,99991231
55,01,80700,0.0,0.0,0.0,0.0,20230918,99991231
55,01,80750,0.0,0.0,0.0,0.0,20230918,99991231
55,01,80800,0.0,0.0,0.0,0.0,20230918,99991231
55,01,80825,0.0,0.0,0.0,0.0,20230918,99991231
55,01,80875,0.0,0.0,0.0,0.0,20230918,99991231
55,01,80950,0.0,0.0,0.0,0.0,20230918,99991231
55,01,81050,0.0,0.0,0.0,0.0,20230918,99991231
55,01,81075,0.0,0.0,0.0,0.0,20230918,99991231
55,01,81100,0.0,0.0,0.0,0.0,20230918,99991231
55,01,81250,0.0,0.0,0.0,0.0,20230918,99991231
55,01,81300,0.0,0.0,0.0,0.0,20230918,99991231
55,01,81325,0.0,0.0,0.0,0.0,20230918,99991231
55,01,81350,0.0,0.0,0.0,0.0,20230918,99991231
55,01,81475,0.0,0.0,0.0,0.0,20230918,99991231
55,01,81500,0.0,0.0,0.0,0.0,20230918,99991231
55,01,81525,0.0,0.0,0.0,0.0,20230918,99991231
55,01,81550,0.0,0.0,0.0,0.0,20230918,99991231
55,01,81600,0.0,0.0,0.0,0.0,20230918,99991231
55,01,81650,0.0,0.0,0.0,0.0,20230918,99991231
55,01,81675,0.0,0.0,0.0,0.0,20230918,99991231
55,01,81700,0.0,0.0,0.0,0.0,20230918,99991231
55,01,81725,0.0,0.0,0.0,0.0,20230918,99991231
55,01,81775,0.0,0.0,0.0,0.0,20230918,99991231
55,01,81825,0.0,0.0,0.0,0.0,20230918,99991231
55,01,81850,0.0,0.0,0.0,0.0,20230918,99991231
55,01,81875,0.0,0.0,0.0,0.0,20230918,99991231
55,01,81950,0.0,0.0,0.0,0.0,20230918,99991231
55,01,82100,0.0,0.0,0.0,0.0,20230918,99991231
55,01,82175,0.0,0.0,0.0,0.0,20230918,99991231
55,01,82200,0.0,0.0,0.0,0.0,20230918,99991231
55,01,82375,0.0,0.0,0.0,0.0,20230918,99991231
55,01,82400,0.0,0.0,0.0,0.0,20230918,99991231
55,01,82525,0.0,0.0,0.0,0.0,20230918,99991231
55,01,82575,0.0,0.0,0.0,0.0,20230918,99991231
55,01,82600,0.0,0.0,0.0,0.0,20230918,99991231
55,01,82625,0.0,0.0,0.0,0.0,20230918,99991231
55,01,82650,0.0,0.0,0.0,0.0,20230918,99991231
55,01,82750,0.0,0.0,0.0,0.0,20230918,99991231
55,01,82825,0.0,0.0,0.0,0.0,20230918,99991231
55,01,82875,0.0,0.0,0.0,0.0,20230918,99991231
55,01,82900,0.0,0.0,0.0,0.0,20230918,99991231
55,01,82925,0.0,0.0,0.0,0.0,20230918,99991231
55,01,82950,0.0,0.0,0.0,0.0,20230918,99991231
55,01,83025,0.0,0.0,0.0,0.0,20230918,99991231
55,01,83050,0.0,0.0,0.0,0.0,20230918,99991231
55,01,83100,0.0,0.0,0.0,0.0,20230918,99991231
55,01,83150,0.0,0.0,0.0,0.0,20230918,99991231
55,01,83175,0.0,0.0,0.0,0.0,20230918,99991231
55,01,83250,0.0,0.0,0.0,0.0,20230918,99991231
55,01,83275,0.0,0.0,0.0,0.0,20230918,99991231
55,01,83350,0.0,0.0,0.0,0.0,20230918,99991231
55,01,83400,0.0,0.0,0.0,0.0,20230918,99991231
55,01,83425,0.0,0.0,0.0,0.0,20230918,99991231
55,01,83450,0.0,0.0,0.0,0.0,20230918,99991231
55,01,83512,0.0,0.0,0.0,0.0,20230918,99991231
55,01,83525,0.0,0.0,0.0,0.0,20230918,99991231
55,01,83550,0.0,0.0,0.0,0.0,20230918,99991231
55,01,83575,0.0,0.0,0.0,0.0,20230918,99991231
55,01,83600,0.0,0.0,0.0,0.0,20230918,99991231
55,01,83612,0.0,0.0,0.0,0.0,20230918,99991231
55,01,83625,0.0,0.0,0.0,0.0,20230918,99991231
55,01,83650,0.0,0.0,0.0,0.0,20230918,99991231
55,01,83675,0.0,0.0,0.0,0.0,20230918,99991231
55,01,83700,0.0,0.0,0.0,0.0,20230918,99991231
55,01,83725,0.0,0.0,0.0,0.0,20230918,99991231
55,01,83750,0.0,0.0,0.0,0.0,20230918,99991231
55,01,83825,0.0,0.0,0.0,0.0,20230918,99991231
55,01,83850,0.0,0.0,0.0,0.0,20230918,99991231
55,01,83900,0.0,0.0,0.0,0.0,20230918,99991231
55,01,83925,0.0,0.0,0.0,0.0,20230918,99991231
55,01,83950,0.0,0.0,0.0,0.0,20230918,99991231
55,01,83975,0.0,0.0,0.0,0.0,20230918,99991231
55,01,84000,0.0,0.0,0.0,0.0,20230918,99991231
55,01,84025,0.0,0.0,0.0,0.0,20230918,99991231
55,01,84075,0.0,0.0,0.0,0.0,20230918,99991231
55,01,84100,0.0,0.0,0.0,0.0,20230918,99991231
55,01,84225,0.0,0.0,0.0,0.0,20230918,99991231
55,01,84250,0.0,0.0,0.0,0.0,20230918,99991231
55,01,84275,0.0,0.0,0.0,0.0,20230918,99991231
55,01,84325,0.0,0.0,0.0,0.0,20230918,99991231
55,01,84350,0.0,0.0,0.0,0.0,20230918,99991231
55,01,84375,0.0,0.0,0.0,0.0,20230918,99991231
55,01,84400,0.0,0.0,0.0,0.0,20230918,99991231
55,01,84425,0.0,0.0,0.0,0.0,20230918,99991231
55,01,84450,0.0,0.0,0.0,0.0,20230918,99991231
55,01,84475,0.0,0.0,0.0,0.0,20230918,99991231
55,01,84500,0.0,0.0,0.0,0.0,20230918,99991231
55,01,84525,0.0,0.0,0.0,0.0,20230918,99991231
55,01,84550,0.0,0.0,0.0,0.0,20230918,99991231
55,01,84625,0.0,0.0,0.0,0.0,20230918,99991231
55,01,84650,0.0,0.0,0.0,0.0,20230918,99991231
55,01,84675,0.0,0.0,0.0,0.0,20230918,99991231
55,01,84725,0.0,0.0,0.0,0.0,20230918,99991231
55,01,84750,0.0,0.0,0.0,0.0,20230918,99991231
55,01,84850,0.0,0.0,0.0,0.0,20230918,99991231
55,01,84900,0.0,0.0,0.0,0.0,20230918,99991231
55,01,84975,0.0,0.0,0.0,0.0,20230918,99991231
55,01,85025,0.0,0.0,0.0,0.0,20230918,99991231
55,01,85050,0.0,0.0,0.0,0.0,20230918,99991231
55,01,85100,0.0,0.0,0.0,0.0,20230918,99991231
55,01,85125,0.0,0.0,0.0,0.0,20230918,99991231
55,01,85150,0.0,0.0,0.0,0.0,20230918,99991231
55,01,85275,0.0,0.0,0.0,0.0,20230918,99991231
55,01,85300,0.0,0.0,0.0,0.0,20230918,99991231
55,01,85325,0.0,0.0,0.0,0.0,20230918,99991231
55,01,85350,0.0,0.0,0.0,0.0,20230918,99991231
55,01,85375,0.0,0.0,0.0,0.0,20230918,99991231
55,01,85450,0.0,0.0,0.0,0.0,20230918,99991231
55,01,85475,0.0,0.0,0.0,0.0,20230918,99991231
55,01,85575,0.0,0.0,0.0,0.0,20230918,99991231
55,01,85600,0.0,0.0,0.0,0.0,20230918,99991231
55,01,85625,0.0,0.0,0.0,0.0,20230918,99991231
55,01,85650,0.0,0.0,0.0,0.0,20230918,99991231
55,01,85675,0.0,0.0,0.0,0.0,20230918,99991231
55,01,85775,0.0,0.0,0.0,0.0,20230918,99991231
55,01,85850,0.0,0.0,0.0,0.0,20230918,99991231
55,01,85875,0.0,0.0,0.0,0.0,20230918,99991231
55,01,85925,0.0,0.0,0.0,0.0,20230918,99991231
55,01,85975,0.0,0.0,0.0,0.0,20230918,99991231
55,01,86025,0.0,0.0,0.0,0.0,20230918,99991231
55,01,86050,0.0,0.0,0.0,0.0,20230918,99991231
55,01,86100,0.0,0.0,0.0,0.0,20230918,99991231
55,01,86125,0.0,0.0,0.0,0.0,20230918,99991231
55,01,86275,0.0,0.0,0.0,0.0,20230918,99991231
55,01,86350,0.0,0.0,0.0,0.0,20230918,99991231
55,01,86400,0.0,0.0,0.0,0.0,20230918,99991231
55,01,86425,0.0,0.0,0.0,0.0,20230918,99991231
55,01,86450,0.0,0.0,0.0,0.0,20230918,99991231
55,01,86500,0.0,0.0,0.0,0.0,20230918,99991231
55,01,86525,0.0,0.0,0.0,0.0,20230918,99991231
55,01,86537,0.0,0.0,0.0,0.0,20230918,99991231
55,01,86575,0.0,0.0,0.0,0.0,20230918,99991231
55,01,86700,0.0,0.0,0.0,0.0,20230918,99991231
55,01,86725,0.0,0.0,0.0,0.0,20230918,99991231
55,01,86750,0.0,0.0,0.0,0.0,20230918,99991231
55,01,86775,0.0,0.0,0.0,0.0,20230918,99991231
55,01,86800,0.0,0.0,0.0,0.0,20230918,99991231
55,01,86850,0.0,0.0,0.0,0.0,20230918,99991231
55,01,86900,0.0,0.0,0.0,0.0,20230918,99991231
55,01,86925,0.0,0.0,0.0,0.0,20230918,99991231
55,01,86950,0.0,0.0,0.0,0.0,20230918,99991231
55,01,86975,0.0,0.0,0.0,0.0,20230918,99991231
55,01,87025,0.0,0.0,0.0,0.0,20230918,99991231
55,01,87075,0.0,0.0,0.0,0.0,20230918,99991231
55,01,87125,0.0,0.0,0.0,0.0,20230918,99991231
55,01,87175,0.0,0.0,0.0,0.0,20230918,99991231
55,01,87200,0.0,0.0,0.0,0.0,20230918,99991231
55,01,87225,0.0,0.0,0.0,0.0,20230918,99991231
55,01,87250,0.0,0.0,0.0,0.0,20230918,99991231
55,01,87275,0.0,0.0,0.0,0.0,20230918,99991231
55,01,87375,0.0,0.0,0.0,0.0,20230918,99991231
55,01,87400,0.0,0.0,0.0,0.0,20230918,99991231
55,01,87425,0.0,0.0,0.0,0.0,20230918,99991231
55,01,87450,0.0,0.0,0.0,0.0,20230918,99991231
55,01,87475,0.0,0.0,0.0,0.0,20230918,99991231
55,01,87500,0.0,0.0,0.0,0.0,20230918,99991231
55,01,87525,0.0,0.0,0.0,0.0,20230918,99991231
55,01,87550,0.0,0.0,0.0,0.0,20230918,99991231
55,01,87600,0.0,0.0,0.0,0.0,20230918,99991231
55,01,87650,0.0,0.0,0.0,0.0,20230918,99991231
55,01,87700,0.0,0.0,0.0,0.0,20230918,99991231
55,01,87725,0.0,0.0,0.0,0.0,20230918,99991231
55,01,87775,0.0,0.0,0.0,0.0,20230918,99991231
55,01,87800,0.0,0.0,0.0,0.0,20230918,99991231
55,01,87900,0.0,0.0,0.0,0.0,20230918,99991231
55,01,87925,0.0,0.0,0.0,0.0,20230918,99991231
55,01,87975,0.0,0.0,0.0,0.0,20230918,99991231
55,01,88000,0.0,0.0,0.0,0.0,20230918,99991231
55,01,88050,0.0,0.0,0.0,0.0,20230918,99991231
55,01,88150,0.0,0.0,0.0,0.0,20230918,99991231
55,01,88200,0.0,0.0,0.0,0.0,20230918,99991231
55,01,88275,0.0,0.0,0.0,0.0,20230918,99991231
55,01,88300,0.0,0.0,0.0,0.0,20230918,99991231
55,01,88325,0.0,0.0,0.0,0.0,20230918,99991231
55,01,88350,0.0,0.0,0.0,0.0,20230918,99991231
55,01,88450,0.0,0.0,0.0,0.0,20230918,99991231
55,01,88475,0.0,0.0,0.0,0.0,20230918,99991231
55,01,88500,0.0,0.0,0.0,0.0,20230918,99991231
55,01,88525,0.0,0.0,0.0,0.0,20230918,99991231
55,01,88575,0.0,0.0,0.0,0.0,20230918,99991231
55,01,88625,0.0,0.0,0.0,0.0,20230918,99991231
55,01,88775,0.0,0.0,0.0,0.0,20230918,99991231
55,01,88825,0.0,0.0,0.0,0.0,20230918,99991231
55,01,88850,0.0,0.0,0.0,0.0,20230918,99991231
55,01,88875,0.0,0.0,0.0,0.0,20230918,99991231
55,01,88900,0.0,0.0,0.0,0.0,20230918,99991231
55,01,88950,0.0,0.0,0.0,0.0,20230918,99991231
55,01,89000,0.0,0.0,0.0,0.0,20230918,99991231
55,01,89025,0.0,0.0,0.0,0.0,20230918,99991231
55,01,89100,0.0,0.0,0.0,0.0,20230918,99991231
55,01,89125,0.0,0.0,0.0,0.0,20230918,99991231
55,01,89150,0.0,0.0,0.0,0.0,20230918,99991231
55,01,89175,0.0,0.0,0.0,0.0,20230918,99991231
55,01,89250,0.0,0.0,0.0,0.0,20230918,99991231
55,01,89275,0.0,0.0,0.0,0.0,20230918,99991231
55,01,89300,0.0,0.0,0.0,0.0,20230918,99991231
55,01,89325,0.0,0.0,0.0,0.0,20230918,99991231
55,01,89350,0.0,0.0,0.0,0.0,20230918,99991231
55,01,89375,0.0,0.0,0.0,0.0,20230918,99991231
55,01,89425,0.0,0.0,0.0,0.0,20230918,99991231
55,01,89450,0.0,0.0,0.0,0.0,20230918,99991231
55,01,89475,0.0,0.0,0.0,0.0,20230918,99991231
55,01,89550,0.0,0.0,0.0,0.0,20230918,99991231
55,01,89625,0.0,0.0,0.0,0.0,20230918,99991231
55,45,55,0.05,0.05,0.05,0.05,19800101,99991231
55,63,55501,0.001,0.001,0.001,0.001,19960101,20200331
55,63,55502,0.005,0.005,0.005,0.005,20001101,20150930
